id,review_scores_rating,review_scores_accuracy,review_scores_cleanliness,review_scores_checkin,review_scores_communication,review_scores_location,review_scores_value
3393746,97.0,10.0,10.0,10.0,10.0,9.0,10.0
17674864,98.0,9.0,10.0,10.0,10.0,9.0,10.0
16816820,100.0,10.0,10.0,10.0,10.0,10.0,10.0
13938830,94.0,10.0,10.0,10.0,10.0,9.0,10.0
4422262,100.0,10.0,10.0,10.0,10.0,9.0,10.0
21364375,100.0,10.0,10.0,10.0,10.0,10.0,10.0
9146316,96.0,9.0,9.0,10.0,10.0,9.0,10.0
1357766,73.0,8.0,10.0,8.0,9.0,8.0,7.0
17628943,100.0,10.0,10.0,10.0,10.0,10.0,10.0
10982977,100.0,10.0,10.0,10.0,10.0,10.0,10.0
20238633,100.0,10.0,10.0,10.0,10.0,10.0,10.0
17615905,96.0,10.0,10.0,10.0,10.0,9.0,10.0
2940931,96.0,10.0,10.0,10.0,10.0,9.0,10.0
3163290,100.0,9.0,10.0,10.0,10.0,8.0,9.0
58832,96.0,10.0,10.0,10.0,10.0,10.0,9.0
5916644,99.0,10.0,10.0,10.0,10.0,9.0,10.0
19741554,85.0,9.0,8.0,9.0,9.0,9.0,8.0
14220155,100.0,10.0,10.0,10.0,10.0,10.0,10.0
12605638,98.0,10.0,10.0,10.0,10.0,9.0,10.0
16511350,96.0,10.0,10.0,10.0,10.0,9.0,10.0
4425515,90.0,9.0,9.0,10.0,10.0,9.0,9.0
19988737,100.0,10.0,9.0,10.0,10.0,9.0,10.0
19993605,93.0,10.0,9.0,10.0,10.0,9.0,9.0
6252372,94.0,10.0,10.0,10.0,10.0,9.0,9.0
17854158,99.0,10.0,10.0,9.0,10.0,10.0,10.0
17343502,93.0,10.0,10.0,10.0,10.0,9.0,10.0
21131496,100.0,10.0,10.0,10.0,10.0,9.0,10.0
18681186,100.0,10.0,10.0,10.0,10.0,10.0,10.0
8221028,95.0,10.0,10.0,9.0,9.0,9.0,9.0
6698766,99.0,10.0,10.0,10.0,10.0,9.0,10.0
17473768,90.0,10.0,10.0,10.0,10.0,9.0,10.0
571667,96.0,10.0,10.0,10.0,10.0,9.0,10.0
19541225,93.0,9.0,9.0,9.0,9.0,9.0,9.0
17581238,100.0,10.0,10.0,10.0,10.0,10.0,10.0
14257789,93.0,10.0,9.0,9.0,10.0,10.0,9.0
17508036,87.0,8.0,9.0,8.0,9.0,7.0,9.0
11854621,97.0,10.0,9.0,10.0,10.0,9.0,10.0
14862973,95.0,9.0,10.0,10.0,10.0,9.0,10.0
775750,97.0,10.0,10.0,10.0,10.0,9.0,9.0
20928186,96.0,10.0,9.0,10.0,10.0,10.0,10.0
7195735,91.0,10.0,10.0,10.0,9.0,8.0,9.0
20845244,100.0,10.0,10.0,10.0,10.0,9.0,9.0
13118037,95.0,10.0,10.0,10.0,10.0,10.0,10.0
20976713,97.0,10.0,10.0,10.0,10.0,10.0,9.0
7214397,92.0,9.0,10.0,10.0,10.0,9.0,9.0
11885563,100.0,9.0,10.0,10.0,9.0,8.0,9.0
1051616,96.0,10.0,10.0,10.0,10.0,9.0,10.0
17619387,96.0,10.0,10.0,10.0,10.0,9.0,9.0
16591476,100.0,10.0,10.0,10.0,10.0,10.0,10.0
19512013,80.0,10.0,8.0,10.0,10.0,8.0,10.0
19583057,100.0,10.0,8.0,10.0,10.0,10.0,10.0
18816056,100.0,6.0,10.0,10.0,10.0,8.0,8.0
2463585,93.0,10.0,9.0,10.0,10.0,9.0,9.0
13303008,80.0,10.0,10.0,10.0,10.0,10.0,8.0
9641232,90.0,9.0,10.0,10.0,8.0,8.0,10.0
5233073,97.0,10.0,10.0,10.0,10.0,10.0,10.0
9505585,96.0,10.0,10.0,10.0,10.0,10.0,10.0
17486932,96.0,10.0,10.0,10.0,10.0,7.0,9.0
4284549,100.0,10.0,9.0,10.0,10.0,10.0,10.0
17973256,100.0,10.0,9.0,10.0,10.0,10.0,10.0
11098763,100.0,10.0,10.0,10.0,10.0,10.0,10.0
13481763,100.0,10.0,9.0,10.0,10.0,9.0,10.0
952342,98.0,9.0,9.0,10.0,10.0,9.0,10.0
7898943,50.0,8.0,4.0,9.0,8.0,6.0,5.0
17257416,95.0,10.0,10.0,10.0,10.0,9.0,10.0
7758390,60.0,9.0,9.0,9.0,5.0,9.0,7.0
11895922,70.0,8.0,8.0,8.0,9.0,8.0,7.0
20914988,70.0,6.0,5.0,6.0,6.0,6.0,6.0
17245299,82.0,8.0,8.0,8.0,8.0,9.0,8.0
17425413,87.0,9.0,9.0,9.0,9.0,7.0,9.0
482790,97.0,10.0,10.0,10.0,10.0,10.0,10.0
5690631,98.0,10.0,9.0,10.0,10.0,10.0,9.0
21002596,100.0,10.0,9.0,10.0,10.0,10.0,10.0
3837904,88.0,9.0,9.0,10.0,10.0,9.0,9.0
15904913,96.0,10.0,10.0,10.0,10.0,10.0,10.0
7981248,99.0,10.0,10.0,10.0,10.0,10.0,10.0
16801405,95.0,10.0,9.0,10.0,9.0,10.0,9.0
7390522,100.0,10.0,10.0,10.0,10.0,10.0,10.0
3359941,100.0,10.0,10.0,10.0,10.0,9.0,10.0
7452234,98.0,10.0,10.0,10.0,10.0,10.0,10.0
5283148,94.0,9.0,10.0,10.0,10.0,10.0,9.0
12936458,100.0,10.0,6.0,10.0,10.0,10.0,10.0
399388,96.0,10.0,10.0,10.0,10.0,9.0,9.0
19725699,97.0,10.0,10.0,10.0,10.0,10.0,10.0
9186277,92.0,9.0,9.0,9.0,9.0,10.0,9.0
5248925,90.0,9.0,9.0,10.0,10.0,9.0,8.0
3418262,67.0,7.0,7.0,7.0,7.0,7.0,7.0
18261145,97.0,10.0,10.0,10.0,10.0,10.0,10.0
5945151,97.0,10.0,10.0,10.0,10.0,10.0,10.0
14464267,93.0,10.0,10.0,10.0,10.0,10.0,9.0
18939090,100.0,10.0,10.0,10.0,10.0,10.0,10.0
19901914,100.0,10.0,10.0,10.0,10.0,10.0,10.0
12047167,100.0,10.0,10.0,10.0,10.0,10.0,10.0
19571268,88.0,10.0,10.0,10.0,10.0,10.0,10.0
18713358,95.0,10.0,10.0,10.0,10.0,10.0,10.0
13285791,100.0,10.0,10.0,10.0,10.0,10.0,10.0
4581470,100.0,10.0,10.0,10.0,10.0,10.0,10.0
4551856,97.0,10.0,10.0,10.0,10.0,10.0,10.0
8730152,85.0,9.0,8.0,10.0,10.0,9.0,9.0
14590217,88.0,10.0,9.0,9.0,10.0,10.0,9.0
21214780,73.0,5.0,7.0,6.0,7.0,8.0,6.0
20580764,80.0,10.0,6.0,10.0,10.0,10.0,8.0
20144046,100.0,10.0,10.0,10.0,10.0,9.0,9.0
9948379,88.0,9.0,7.0,10.0,10.0,10.0,9.0
12959961,100.0,10.0,10.0,10.0,10.0,10.0,9.0
20497132,100.0,10.0,10.0,9.0,9.0,10.0,9.0
952395,97.0,10.0,10.0,10.0,10.0,9.0,9.0
10420970,80.0,10.0,10.0,6.0,6.0,10.0,8.0
12117624,100.0,10.0,10.0,8.0,6.0,8.0,8.0
10606005,100.0,10.0,10.0,10.0,10.0,10.0,10.0
528530,96.0,10.0,10.0,10.0,10.0,10.0,10.0
12118601,100.0,10.0,10.0,10.0,10.0,8.0,8.0
10442239,87.0,9.0,7.0,7.0,7.0,8.0,8.0
8857604,88.0,10.0,9.0,9.0,10.0,8.0,8.0
11878397,87.0,10.0,9.0,9.0,9.0,9.0,9.0
9206289,96.0,10.0,10.0,10.0,10.0,10.0,8.0
11896096,100.0,10.0,10.0,10.0,10.0,10.0,10.0
15433492,100.0,10.0,10.0,10.0,10.0,10.0,10.0
11896577,90.0,9.0,10.0,10.0,10.0,9.0,9.0
15750687,60.0,6.0,8.0,6.0,6.0,4.0,6.0
7845921,97.0,10.0,10.0,10.0,10.0,9.0,10.0
14875160,100.0,10.0,10.0,9.0,10.0,10.0,10.0
7094175,98.0,10.0,10.0,10.0,10.0,10.0,10.0
12481957,100.0,10.0,10.0,4.0,4.0,10.0,10.0
11685332,95.0,10.0,10.0,10.0,10.0,10.0,10.0
7622817,90.0,9.0,9.0,10.0,10.0,9.0,9.0
9744957,100.0,10.0,10.0,10.0,10.0,10.0,10.0
10114867,87.0,9.0,9.0,9.0,10.0,8.0,8.0
10113046,100.0,10.0,10.0,10.0,9.0,10.0,10.0
11877446,96.0,9.0,10.0,10.0,9.0,8.0,8.0
11881978,100.0,10.0,10.0,10.0,10.0,10.0,10.0
12119367,100.0,10.0,10.0,10.0,10.0,10.0,9.0
8093737,100.0,10.0,10.0,10.0,10.0,10.0,10.0
7430259,90.0,10.0,10.0,10.0,10.0,10.0,10.0
9485005,80.0,7.0,9.0,9.0,8.0,10.0,6.0
11273216,99.0,10.0,10.0,10.0,10.0,10.0,10.0
18629724,97.0,10.0,10.0,10.0,10.0,9.0,9.0
9915245,100.0,10.0,10.0,10.0,10.0,9.0,9.0
19842439,100.0,9.0,10.0,10.0,10.0,10.0,10.0
3451577,99.0,10.0,10.0,10.0,10.0,10.0,9.0
3707868,93.0,10.0,10.0,10.0,9.0,9.0,9.0
14433349,87.0,9.0,9.0,10.0,10.0,10.0,9.0
10606648,100.0,10.0,10.0,10.0,10.0,9.0,9.0
18993509,100.0,10.0,10.0,10.0,10.0,10.0,10.0
6566109,90.0,9.0,8.0,9.0,9.0,10.0,7.0
17151847,70.0,8.0,8.0,9.0,8.0,7.0,7.0
10448543,70.0,10.0,6.0,10.0,6.0,10.0,8.0
19357964,90.0,10.0,9.0,8.0,7.0,9.0,10.0
4061998,100.0,10.0,10.0,10.0,10.0,10.0,10.0
18116888,100.0,10.0,10.0,10.0,10.0,10.0,8.0
3040262,100.0,10.0,10.0,10.0,10.0,9.0,10.0
17263959,88.0,9.0,8.0,8.0,9.0,8.0,9.0
18957989,100.0,10.0,10.0,10.0,10.0,9.0,10.0
6879446,97.0,10.0,10.0,10.0,10.0,10.0,10.0
4327115,94.0,10.0,10.0,10.0,10.0,9.0,9.0
1348266,97.0,10.0,9.0,10.0,10.0,10.0,10.0
5382169,80.0,10.0,6.0,10.0,10.0,10.0,10.0
10332954,95.0,10.0,10.0,10.0,10.0,8.0,10.0
20565919,87.0,8.0,9.0,10.0,10.0,9.0,9.0
4850730,98.0,10.0,10.0,10.0,10.0,9.0,10.0
17691042,86.0,9.0,10.0,9.0,9.0,9.0,9.0
7457896,98.0,10.0,10.0,10.0,10.0,10.0,10.0
13505152,93.0,9.0,9.0,9.0,10.0,9.0,9.0
1034370,94.0,10.0,9.0,10.0,9.0,9.0,9.0
7553115,86.0,9.0,8.0,9.0,9.0,9.0,8.0
9560878,91.0,9.0,10.0,9.0,9.0,8.0,9.0
1254357,100.0,9.0,10.0,10.0,10.0,7.0,9.0
16417800,84.0,8.0,9.0,9.0,10.0,9.0,8.0
19244248,96.0,10.0,10.0,10.0,10.0,9.0,10.0
6842502,98.0,10.0,9.0,10.0,10.0,9.0,10.0
13266535,100.0,9.0,10.0,10.0,10.0,10.0,10.0
14311842,100.0,10.0,10.0,10.0,10.0,10.0,9.0
793180,95.0,10.0,10.0,9.0,10.0,10.0,9.0
4293517,80.0,9.0,7.0,9.0,10.0,10.0,8.0
10778062,90.0,9.0,9.0,10.0,10.0,9.0,9.0
4297371,89.0,8.0,6.0,9.0,10.0,10.0,9.0
13009983,100.0,10.0,10.0,10.0,10.0,10.0,10.0
17342613,93.0,10.0,9.0,10.0,10.0,10.0,10.0
17567989,99.0,10.0,10.0,10.0,10.0,10.0,10.0
15481869,97.0,10.0,10.0,10.0,10.0,10.0,10.0
11233576,85.0,9.0,9.0,9.0,9.0,9.0,9.0
17471755,96.0,10.0,10.0,10.0,10.0,9.0,10.0
8344245,93.0,10.0,10.0,10.0,10.0,10.0,9.0
12512922,90.0,10.0,9.0,10.0,10.0,10.0,9.0
1834727,75.0,8.0,7.0,9.0,9.0,9.0,7.0
17615948,90.0,9.0,10.0,10.0,10.0,9.0,10.0
8263520,86.0,9.0,9.0,9.0,9.0,9.0,8.0
17414348,97.0,10.0,10.0,9.0,10.0,10.0,10.0
13908982,96.0,10.0,10.0,10.0,10.0,9.0,9.0
752832,87.0,9.0,9.0,9.0,10.0,9.0,9.0
13750885,100.0,9.0,9.0,10.0,10.0,10.0,10.0
19559173,95.0,10.0,10.0,10.0,10.0,10.0,10.0
883363,100.0,10.0,10.0,10.0,10.0,10.0,10.0
7079488,89.0,10.0,9.0,10.0,10.0,10.0,9.0
946415,94.0,10.0,10.0,10.0,10.0,10.0,9.0
610685,81.0,9.0,8.0,9.0,9.0,10.0,9.0
17491782,80.0,10.0,10.0,10.0,10.0,10.0,10.0
7398079,83.0,9.0,9.0,10.0,9.0,9.0,9.0
884510,100.0,10.0,10.0,10.0,10.0,8.0,8.0
8175252,82.0,10.0,10.0,8.0,9.0,9.0,8.0
19557465,80.0,9.0,8.0,9.0,9.0,9.0,9.0
3418549,90.0,10.0,8.0,10.0,10.0,9.0,8.0
856614,100.0,10.0,10.0,10.0,10.0,8.0,6.0
919262,83.0,9.0,8.0,9.0,9.0,9.0,8.0
21010841,100.0,10.0,10.0,10.0,10.0,10.0,10.0
2981431,80.0,9.0,7.0,9.0,8.0,10.0,9.0
5311355,75.0,9.0,9.0,8.0,10.0,10.0,8.0
11267304,96.0,10.0,9.0,10.0,10.0,10.0,9.0
21293608,100.0,10.0,10.0,10.0,10.0,10.0,10.0
16409611,95.0,10.0,9.0,10.0,10.0,9.0,9.0
6809505,94.0,9.0,10.0,10.0,10.0,10.0,9.0
3509380,87.0,9.0,9.0,10.0,10.0,9.0,9.0
815076,92.0,9.0,9.0,10.0,10.0,10.0,9.0
19717721,97.0,10.0,10.0,10.0,10.0,10.0,10.0
639461,84.0,9.0,9.0,9.0,9.0,9.0,9.0
10652257,97.0,10.0,9.0,10.0,10.0,10.0,10.0
14288808,68.0,6.0,6.0,9.0,8.0,10.0,7.0
21272920,90.0,9.0,9.0,9.0,10.0,9.0,9.0
17698761,93.0,10.0,10.0,9.0,10.0,10.0,9.0
3338666,80.0,10.0,4.0,8.0,10.0,10.0,10.0
4956181,100.0,10.0,10.0,10.0,10.0,10.0,10.0
19049918,95.0,10.0,10.0,10.0,10.0,10.0,10.0
11583384,87.0,9.0,10.0,10.0,10.0,9.0,9.0
17799432,100.0,10.0,6.0,10.0,10.0,6.0,10.0
224431,95.0,10.0,9.0,9.0,9.0,9.0,9.0
2069351,92.0,9.0,10.0,10.0,10.0,10.0,9.0
7005294,90.0,9.0,10.0,10.0,10.0,10.0,10.0
10369463,88.0,10.0,9.0,9.0,9.0,9.0,9.0
10348605,95.0,10.0,10.0,10.0,10.0,9.0,9.0
4641931,100.0,10.0,10.0,10.0,10.0,9.0,10.0
627215,100.0,10.0,9.0,9.0,10.0,8.0,8.0
18470960,100.0,10.0,10.0,10.0,10.0,10.0,10.0
13906301,80.0,9.0,8.0,9.0,9.0,9.0,8.0
6632802,90.0,10.0,9.0,7.0,9.0,10.0,9.0
8716908,94.0,9.0,9.0,10.0,10.0,9.0,9.0
6455421,80.0,9.0,8.0,9.0,8.0,8.0,8.0
2026519,87.0,7.0,10.0,9.0,9.0,9.0,9.0
2379935,97.0,10.0,9.0,9.0,10.0,9.0,9.0
20011572,100.0,10.0,10.0,10.0,10.0,10.0,8.0
5506730,88.0,9.0,8.0,10.0,10.0,9.0,9.0
13845798,96.0,9.0,9.0,10.0,10.0,10.0,9.0
17629653,85.0,9.0,8.0,9.0,9.0,10.0,9.0
20723853,88.0,9.0,9.0,9.0,10.0,10.0,9.0
18088723,95.0,10.0,10.0,9.0,9.0,10.0,9.0
17529407,96.0,10.0,10.0,9.0,10.0,10.0,9.0
19244366,100.0,10.0,10.0,10.0,10.0,10.0,10.0
19424459,100.0,10.0,9.0,10.0,10.0,10.0,9.0
3102373,99.0,10.0,9.0,10.0,10.0,9.0,9.0
15167425,100.0,10.0,10.0,10.0,10.0,10.0,10.0
2760444,96.0,10.0,10.0,10.0,10.0,10.0,10.0
6427366,94.0,10.0,9.0,10.0,10.0,10.0,9.0
20512611,100.0,10.0,10.0,10.0,10.0,10.0,10.0
17019333,100.0,10.0,10.0,10.0,10.0,10.0,10.0
3865268,87.0,10.0,8.0,8.0,9.0,9.0,9.0
9861575,83.0,8.0,8.0,9.0,9.0,10.0,8.0
18941186,100.0,10.0,10.0,10.0,10.0,10.0,9.0
4844036,100.0,10.0,10.0,10.0,10.0,10.0,10.0
1653269,88.0,9.0,9.0,9.0,10.0,9.0,8.0
12695899,85.0,9.0,10.0,9.0,9.0,9.0,9.0
14368550,90.0,10.0,10.0,10.0,10.0,10.0,9.0
7990511,93.0,10.0,9.0,10.0,10.0,10.0,9.0
3911278,84.0,8.0,10.0,7.0,7.0,9.0,9.0
17759566,90.0,9.0,9.0,9.0,9.0,9.0,9.0
20951057,83.0,9.0,8.0,10.0,10.0,10.0,9.0
8246498,68.0,8.0,6.0,9.0,9.0,8.0,7.0
16992666,100.0,10.0,6.0,10.0,10.0,10.0,6.0
13370794,96.0,10.0,9.0,10.0,10.0,10.0,10.0
490805,100.0,10.0,10.0,10.0,10.0,10.0,10.0
19255839,90.0,10.0,9.0,10.0,10.0,10.0,10.0
13410260,95.0,10.0,10.0,10.0,10.0,10.0,10.0
19786682,93.0,10.0,10.0,10.0,9.0,10.0,9.0
1050136,85.0,9.0,9.0,9.0,10.0,9.0,9.0
656316,94.0,9.0,9.0,10.0,10.0,9.0,9.0
19909824,88.0,9.0,10.0,10.0,10.0,9.0,9.0
5441269,98.0,10.0,9.0,10.0,10.0,10.0,10.0
823661,89.0,9.0,9.0,10.0,10.0,9.0,9.0
19470593,87.0,8.0,7.0,8.0,9.0,9.0,8.0
7798321,94.0,9.0,10.0,9.0,9.0,10.0,9.0
4871605,95.0,10.0,9.0,10.0,9.0,10.0,10.0
20881066,80.0,10.0,8.0,8.0,10.0,8.0,10.0
13571694,100.0,10.0,10.0,10.0,10.0,10.0,10.0
21100723,100.0,10.0,10.0,10.0,10.0,10.0,9.0
5903347,95.0,10.0,10.0,10.0,10.0,10.0,10.0
12827245,94.0,10.0,9.0,10.0,10.0,10.0,9.0
11681357,98.0,10.0,10.0,10.0,10.0,10.0,10.0
20789467,100.0,10.0,10.0,10.0,10.0,10.0,10.0
12824320,86.0,9.0,9.0,9.0,9.0,9.0,9.0
11887145,98.0,10.0,9.0,9.0,9.0,10.0,10.0
20145703,97.0,10.0,10.0,10.0,10.0,10.0,10.0
3547788,87.0,9.0,10.0,9.0,6.0,9.0,9.0
17180135,83.0,8.0,8.0,9.0,8.0,8.0,9.0
15215114,92.0,10.0,10.0,9.0,9.0,10.0,9.0
4356992,100.0,9.0,10.0,10.0,10.0,10.0,10.0
12500606,98.0,10.0,10.0,10.0,10.0,9.0,10.0
18084350,87.0,9.0,9.0,10.0,10.0,10.0,9.0
20808702,89.0,9.0,10.0,9.0,9.0,9.0,9.0
3314773,97.0,10.0,9.0,10.0,9.0,10.0,9.0
18957111,93.0,10.0,10.0,10.0,10.0,10.0,10.0
42515,91.0,9.0,9.0,9.0,9.0,9.0,9.0
1943590,90.0,9.0,9.0,9.0,9.0,9.0,9.0
8819965,98.0,10.0,10.0,9.0,10.0,9.0,9.0
13268229,87.0,9.0,9.0,9.0,10.0,10.0,8.0
5468118,94.0,9.0,10.0,10.0,10.0,9.0,9.0
19382811,100.0,10.0,10.0,10.0,10.0,10.0,10.0
7951096,95.0,10.0,10.0,10.0,10.0,9.0,10.0
44959,97.0,10.0,10.0,10.0,10.0,9.0,9.0
19726833,100.0,10.0,10.0,10.0,10.0,10.0,10.0
21112605,80.0,10.0,6.0,10.0,8.0,10.0,10.0
18443830,96.0,10.0,9.0,10.0,10.0,10.0,9.0
18597341,100.0,10.0,10.0,10.0,10.0,10.0,10.0
18726776,93.0,10.0,10.0,10.0,10.0,9.0,9.0
8002105,92.0,10.0,10.0,10.0,10.0,10.0,10.0
18287738,90.0,10.0,10.0,10.0,10.0,10.0,10.0
17431002,82.0,9.0,8.0,10.0,9.0,10.0,8.0
16082761,93.0,10.0,9.0,10.0,10.0,8.0,10.0
710601,86.0,9.0,8.0,10.0,10.0,10.0,9.0
12212792,97.0,9.0,9.0,10.0,10.0,9.0,9.0
5817333,87.0,9.0,8.0,10.0,9.0,10.0,8.0
17529636,71.0,8.0,7.0,8.0,8.0,8.0,7.0
107438,96.0,10.0,9.0,9.0,9.0,9.0,9.0
19557613,100.0,10.0,10.0,9.0,10.0,10.0,10.0
10084649,80.0,9.0,8.0,9.0,9.0,9.0,9.0
3543838,89.0,9.0,10.0,10.0,9.0,9.0,9.0
20758389,75.0,8.0,9.0,8.0,9.0,8.0,9.0
5323096,99.0,10.0,10.0,10.0,10.0,10.0,10.0
3780924,92.0,10.0,9.0,9.0,10.0,9.0,9.0
8400571,100.0,10.0,10.0,10.0,10.0,10.0,10.0
11987373,95.0,10.0,10.0,10.0,10.0,10.0,10.0
9658680,91.0,10.0,9.0,10.0,10.0,9.0,9.0
3709533,93.0,9.0,9.0,9.0,9.0,9.0,9.0
118828,89.0,9.0,9.0,9.0,10.0,8.0,9.0
17184658,40.0,6.0,4.0,8.0,10.0,8.0,2.0
1933255,94.0,10.0,10.0,10.0,10.0,10.0,9.0
14307542,100.0,10.0,10.0,10.0,10.0,10.0,9.0
10466026,94.0,10.0,9.0,10.0,10.0,10.0,9.0
12069322,100.0,10.0,10.0,10.0,10.0,9.0,10.0
9401153,83.0,9.0,9.0,9.0,10.0,9.0,8.0
13505153,98.0,10.0,10.0,10.0,10.0,10.0,10.0
2358650,94.0,9.0,10.0,10.0,10.0,9.0,9.0
5032353,95.0,10.0,10.0,10.0,10.0,10.0,9.0
3760437,100.0,10.0,10.0,10.0,10.0,10.0,10.0
17121004,91.0,9.0,9.0,10.0,10.0,10.0,9.0
17898177,100.0,10.0,10.0,10.0,10.0,10.0,10.0
17510193,86.0,9.0,8.0,10.0,9.0,8.0,8.0
649023,98.0,10.0,10.0,10.0,10.0,10.0,10.0
8717390,95.0,10.0,10.0,10.0,10.0,10.0,10.0
14252288,100.0,10.0,10.0,10.0,10.0,10.0,10.0
14783809,80.0,10.0,8.0,10.0,9.0,9.0,7.0
12270725,97.0,10.0,10.0,10.0,10.0,10.0,9.0
722998,94.0,10.0,10.0,10.0,10.0,9.0,9.0
15608707,91.0,10.0,9.0,10.0,10.0,10.0,9.0
16116034,99.0,10.0,10.0,9.0,10.0,10.0,10.0
14610010,94.0,10.0,10.0,10.0,10.0,10.0,9.0
9806206,95.0,10.0,10.0,10.0,10.0,10.0,9.0
18335624,92.0,10.0,9.0,10.0,10.0,10.0,9.0
18562480,98.0,10.0,10.0,10.0,10.0,10.0,10.0
21137138,98.0,10.0,9.0,10.0,10.0,10.0,10.0
7263545,96.0,10.0,10.0,10.0,10.0,10.0,9.0
7125870,95.0,10.0,10.0,10.0,10.0,10.0,9.0
16667485,93.0,10.0,10.0,10.0,10.0,10.0,9.0
17411538,91.0,9.0,10.0,10.0,10.0,10.0,9.0
4489196,96.0,10.0,10.0,10.0,10.0,10.0,9.0
16401460,85.0,10.0,9.0,10.0,10.0,10.0,9.0
21351802,80.0,10.0,10.0,10.0,10.0,10.0,10.0
13219098,100.0,8.0,10.0,10.0,10.0,8.0,10.0
13631396,95.0,10.0,10.0,9.0,10.0,9.0,9.0
19926812,97.0,10.0,9.0,10.0,9.0,10.0,10.0
19306486,73.0,6.0,9.0,9.0,9.0,9.0,7.0
6151047,96.0,10.0,10.0,10.0,10.0,10.0,10.0
6507694,97.0,10.0,10.0,10.0,10.0,10.0,10.0
14297435,100.0,10.0,10.0,10.0,10.0,10.0,10.0
203997,98.0,10.0,10.0,10.0,10.0,10.0,10.0
6947949,100.0,10.0,9.0,10.0,10.0,8.0,10.0
14757969,93.0,10.0,10.0,10.0,10.0,10.0,9.0
13805741,100.0,10.0,9.0,10.0,10.0,10.0,10.0
20693695,93.0,9.0,10.0,10.0,10.0,10.0,9.0
20283597,98.0,10.0,10.0,10.0,10.0,10.0,9.0
6052729,95.0,10.0,9.0,10.0,9.0,9.0,9.0
14812321,80.0,10.0,10.0,10.0,10.0,10.0,8.0
17196955,97.0,10.0,10.0,10.0,10.0,10.0,10.0
21033152,98.0,10.0,10.0,10.0,10.0,10.0,10.0
8342813,100.0,10.0,10.0,9.0,10.0,10.0,10.0
4029278,96.0,10.0,10.0,10.0,10.0,10.0,10.0
9161848,100.0,10.0,10.0,10.0,10.0,10.0,8.0
19880325,98.0,9.0,10.0,10.0,10.0,10.0,10.0
6758329,100.0,10.0,10.0,10.0,10.0,10.0,10.0
8029978,95.0,10.0,10.0,10.0,10.0,8.0,9.0
628495,96.0,9.0,10.0,10.0,10.0,10.0,10.0
5708352,90.0,10.0,9.0,10.0,10.0,9.0,9.0
1933146,94.0,10.0,10.0,10.0,10.0,10.0,9.0
18048237,92.0,9.0,10.0,10.0,9.0,9.0,9.0
3308087,95.0,10.0,10.0,10.0,10.0,10.0,10.0
17715632,95.0,10.0,10.0,10.0,10.0,10.0,10.0
20274016,97.0,9.0,9.0,10.0,10.0,10.0,9.0
11134992,91.0,10.0,10.0,10.0,10.0,10.0,9.0
19090905,90.0,9.0,10.0,10.0,10.0,10.0,10.0
15458637,97.0,10.0,10.0,10.0,10.0,10.0,9.0
20443997,84.0,9.0,9.0,9.0,9.0,10.0,9.0
19694435,100.0,10.0,10.0,10.0,10.0,10.0,9.0
995147,91.0,9.0,10.0,10.0,10.0,10.0,9.0
8563888,91.0,9.0,9.0,10.0,10.0,10.0,9.0
5055787,88.0,9.0,8.0,8.0,8.0,9.0,8.0
18036158,97.0,10.0,10.0,10.0,10.0,10.0,10.0
3635673,91.0,9.0,9.0,10.0,10.0,10.0,9.0
732109,100.0,10.0,10.0,10.0,10.0,10.0,10.0
4253642,88.0,9.0,10.0,10.0,10.0,9.0,7.0
17251648,90.0,9.0,10.0,10.0,9.0,10.0,9.0
19032643,85.0,9.0,8.0,9.0,9.0,9.0,8.0
15966357,90.0,10.0,9.0,10.0,10.0,10.0,9.0
4190063,88.0,9.0,9.0,10.0,10.0,9.0,9.0
7111306,87.0,7.0,9.0,10.0,9.0,10.0,7.0
19907318,100.0,10.0,10.0,10.0,10.0,10.0,10.0
20153676,94.0,10.0,10.0,10.0,10.0,10.0,9.0
4677724,100.0,10.0,8.0,10.0,10.0,10.0,10.0
6378953,93.0,10.0,10.0,10.0,9.0,10.0,9.0
3559586,95.0,10.0,9.0,9.0,10.0,10.0,9.0
5439343,85.0,9.0,9.0,9.0,9.0,10.0,8.0
13086053,96.0,10.0,10.0,10.0,10.0,10.0,9.0
12823352,98.0,10.0,10.0,10.0,10.0,10.0,10.0
9354402,96.0,10.0,10.0,10.0,10.0,10.0,9.0
18534052,86.0,10.0,9.0,10.0,9.0,9.0,9.0
995044,93.0,9.0,9.0,9.0,10.0,10.0,9.0
12791307,95.0,10.0,10.0,10.0,10.0,9.0,9.0
15244501,96.0,10.0,9.0,10.0,10.0,10.0,10.0
4829937,80.0,10.0,6.0,10.0,10.0,10.0,8.0
16960501,98.0,10.0,10.0,10.0,10.0,10.0,10.0
10131612,100.0,10.0,10.0,10.0,10.0,10.0,10.0
21085478,80.0,10.0,10.0,10.0,10.0,10.0,10.0
559872,92.0,9.0,9.0,10.0,10.0,10.0,9.0
18814677,88.0,9.0,8.0,10.0,10.0,9.0,8.0
21183871,97.0,10.0,9.0,10.0,10.0,10.0,10.0
4799361,95.0,10.0,10.0,9.0,9.0,10.0,10.0
16884384,100.0,10.0,10.0,10.0,10.0,10.0,10.0
19588053,100.0,10.0,9.0,10.0,10.0,9.0,10.0
2675341,100.0,10.0,10.0,10.0,10.0,10.0,9.0
710826,93.0,10.0,10.0,10.0,10.0,10.0,9.0
11263246,100.0,9.0,9.0,10.0,10.0,10.0,10.0
19794247,93.0,10.0,9.0,10.0,10.0,10.0,9.0
11459665,93.0,9.0,9.0,10.0,10.0,10.0,10.0
11459919,68.0,6.0,9.0,6.0,8.0,9.0,7.0
14349599,100.0,10.0,10.0,9.0,10.0,10.0,10.0
13424524,80.0,10.0,6.0,10.0,10.0,10.0,10.0
8645782,97.0,10.0,10.0,10.0,10.0,9.0,9.0
12582026,83.0,9.0,9.0,10.0,10.0,10.0,9.0
278912,97.0,10.0,10.0,10.0,10.0,10.0,9.0
5416095,100.0,10.0,8.0,10.0,10.0,10.0,10.0
14217250,95.0,10.0,10.0,10.0,10.0,10.0,10.0
15522345,93.0,10.0,8.0,10.0,10.0,9.0,10.0
16438571,100.0,10.0,10.0,10.0,10.0,10.0,10.0
4264696,95.0,10.0,10.0,10.0,10.0,9.0,9.0
12421674,100.0,10.0,10.0,10.0,10.0,10.0,10.0
992747,97.0,10.0,10.0,10.0,9.0,10.0,10.0
17521906,77.0,8.0,7.0,9.0,8.0,9.0,8.0
11529531,85.0,9.0,8.0,10.0,10.0,10.0,9.0
10832342,57.0,9.0,6.0,9.0,9.0,10.0,7.0
16121605,80.0,8.0,7.0,9.0,9.0,9.0,8.0
4554713,40.0,10.0,10.0,10.0,10.0,6.0,6.0
8024348,88.0,10.0,10.0,10.0,10.0,10.0,9.0
11947463,70.0,6.0,8.0,8.0,8.0,7.0,7.0
8384883,100.0,10.0,10.0,10.0,10.0,10.0,8.0
13344404,100.0,10.0,10.0,10.0,10.0,10.0,9.0
15954033,98.0,10.0,9.0,10.0,10.0,10.0,10.0
19393292,80.0,8.0,8.0,8.0,8.0,8.0,8.0
7199451,93.0,9.0,8.0,10.0,10.0,9.0,9.0
17658638,73.0,9.0,9.0,9.0,9.0,10.0,9.0
6264495,96.0,10.0,10.0,10.0,10.0,10.0,9.0
19845650,93.0,10.0,9.0,10.0,10.0,10.0,9.0
4721867,97.0,9.0,9.0,10.0,10.0,10.0,9.0
17411530,98.0,10.0,10.0,10.0,10.0,10.0,10.0
11552479,100.0,10.0,10.0,10.0,10.0,10.0,10.0
11733825,92.0,9.0,9.0,10.0,10.0,9.0,9.0
2633730,89.0,9.0,10.0,10.0,10.0,10.0,9.0
20723828,100.0,10.0,10.0,10.0,10.0,9.0,10.0
13908153,80.0,10.0,8.0,10.0,10.0,10.0,8.0
14756661,100.0,10.0,10.0,10.0,10.0,8.0,10.0
10419994,91.0,9.0,9.0,10.0,10.0,9.0,9.0
13743580,95.0,10.0,10.0,10.0,9.0,10.0,9.0
21493183,90.0,10.0,10.0,10.0,10.0,10.0,10.0
626831,87.0,9.0,9.0,10.0,10.0,9.0,9.0
19303544,93.0,10.0,9.0,10.0,10.0,9.0,9.0
17004725,100.0,10.0,10.0,10.0,10.0,10.0,9.0
7336796,97.0,10.0,10.0,10.0,10.0,10.0,9.0
17123055,80.0,10.0,8.0,10.0,10.0,10.0,10.0
11967014,97.0,10.0,10.0,10.0,10.0,10.0,9.0
9107303,91.0,10.0,9.0,10.0,10.0,10.0,9.0
9271687,100.0,10.0,10.0,10.0,10.0,10.0,10.0
9561050,91.0,10.0,9.0,9.0,9.0,9.0,10.0
15143651,100.0,10.0,10.0,10.0,10.0,10.0,10.0
20421386,97.0,10.0,10.0,10.0,10.0,10.0,10.0
2707979,87.0,10.0,9.0,10.0,9.0,10.0,9.0
17974851,97.0,10.0,10.0,10.0,10.0,10.0,10.0
9949125,99.0,10.0,10.0,10.0,10.0,10.0,10.0
19358114,92.0,10.0,9.0,10.0,10.0,9.0,9.0
9620792,94.0,10.0,9.0,10.0,9.0,10.0,9.0
7271653,97.0,10.0,10.0,10.0,10.0,10.0,9.0
9229944,100.0,10.0,10.0,10.0,10.0,9.0,8.0
12422395,100.0,10.0,10.0,10.0,10.0,10.0,8.0
10114312,90.0,10.0,9.0,10.0,10.0,9.0,9.0
9603781,98.0,10.0,10.0,10.0,10.0,10.0,9.0
16888339,98.0,10.0,10.0,10.0,10.0,9.0,10.0
11167627,80.0,9.0,8.0,9.0,10.0,8.0,8.0
8113202,93.0,10.0,10.0,10.0,10.0,10.0,9.0
2684318,87.0,9.0,9.0,9.0,9.0,9.0,8.0
9544608,93.0,10.0,10.0,10.0,10.0,10.0,10.0
8379453,93.0,9.0,9.0,9.0,9.0,9.0,9.0
21198603,100.0,10.0,9.0,10.0,10.0,10.0,9.0
9620597,89.0,9.0,10.0,10.0,10.0,10.0,9.0
13709871,100.0,10.0,10.0,10.0,10.0,8.0,7.0
9791313,90.0,10.0,9.0,9.0,9.0,10.0,8.0
5120419,84.0,9.0,9.0,10.0,10.0,10.0,8.0
13167258,77.0,8.0,8.0,8.0,8.0,9.0,8.0
12417832,80.0,8.0,9.0,10.0,10.0,9.0,9.0
21560277,100.0,9.0,10.0,9.0,10.0,9.0,10.0
19034960,100.0,10.0,10.0,10.0,10.0,10.0,10.0
12730923,98.0,10.0,10.0,10.0,10.0,9.0,10.0
10643746,98.0,10.0,10.0,10.0,10.0,9.0,10.0
3345351,94.0,10.0,10.0,10.0,10.0,9.0,9.0
15227553,91.0,10.0,10.0,10.0,10.0,9.0,8.0
14765157,95.0,10.0,10.0,10.0,10.0,9.0,9.0
19645991,100.0,10.0,10.0,10.0,10.0,9.0,10.0
21065496,90.0,10.0,10.0,10.0,10.0,9.0,8.0
9969651,93.0,9.0,9.0,10.0,9.0,9.0,9.0
17413618,98.0,10.0,10.0,10.0,10.0,9.0,10.0
9656071,100.0,10.0,10.0,10.0,10.0,10.0,10.0
19740607,99.0,10.0,10.0,10.0,10.0,9.0,10.0
4406332,95.0,10.0,10.0,10.0,10.0,9.0,10.0
15410275,99.0,10.0,10.0,10.0,10.0,10.0,10.0
20225823,97.0,10.0,9.0,10.0,10.0,10.0,10.0
11830227,93.0,10.0,10.0,10.0,10.0,9.0,9.0
16613789,98.0,10.0,10.0,10.0,10.0,10.0,10.0
13340167,96.0,10.0,10.0,10.0,10.0,9.0,9.0
13726019,84.0,9.0,8.0,9.0,9.0,9.0,9.0
747019,99.0,10.0,10.0,10.0,10.0,10.0,10.0
5294750,95.0,10.0,10.0,10.0,10.0,9.0,10.0
13457209,90.0,9.0,9.0,10.0,10.0,9.0,9.0
19256867,100.0,10.0,10.0,10.0,10.0,10.0,9.0
17367039,60.0,7.0,9.0,10.0,8.0,10.0,8.0
19897934,100.0,10.0,10.0,10.0,10.0,10.0,10.0
14395778,100.0,10.0,10.0,9.0,10.0,9.0,9.0
19854379,100.0,10.0,10.0,10.0,10.0,10.0,10.0
17222281,100.0,10.0,10.0,10.0,10.0,10.0,10.0
14310322,95.0,10.0,9.0,10.0,10.0,10.0,8.0
7834479,93.0,10.0,9.0,10.0,9.0,9.0,9.0
19214849,90.0,9.0,9.0,10.0,10.0,9.0,9.0
929092,98.0,10.0,10.0,10.0,10.0,9.0,10.0
11354301,91.0,10.0,10.0,9.0,10.0,9.0,8.0
20771900,80.0,8.0,10.0,10.0,10.0,10.0,6.0
9783381,98.0,10.0,10.0,10.0,10.0,9.0,10.0
8008822,100.0,10.0,10.0,10.0,10.0,10.0,10.0
728403,94.0,10.0,10.0,10.0,10.0,9.0,9.0
15249322,100.0,10.0,10.0,10.0,10.0,10.0,9.0
15216044,82.0,9.0,9.0,10.0,10.0,9.0,8.0
837953,97.0,9.0,9.0,10.0,10.0,10.0,10.0
17333103,60.0,6.0,8.0,7.0,7.0,8.0,6.0
13119484,85.0,9.0,8.0,10.0,9.0,9.0,9.0
3523959,87.0,9.0,9.0,9.0,9.0,9.0,9.0
2414457,88.0,9.0,9.0,9.0,9.0,9.0,9.0
13431362,100.0,8.0,10.0,6.0,10.0,8.0,8.0
20110035,100.0,10.0,10.0,10.0,10.0,10.0,10.0
6647720,100.0,9.0,9.0,10.0,10.0,10.0,9.0
17886363,100.0,10.0,6.0,10.0,10.0,10.0,8.0
17677287,93.0,9.0,10.0,10.0,10.0,10.0,9.0
12922341,99.0,10.0,10.0,10.0,10.0,10.0,10.0
6946156,100.0,10.0,10.0,10.0,10.0,10.0,10.0
4571251,97.0,10.0,10.0,10.0,9.0,10.0,9.0
15252427,96.0,10.0,10.0,10.0,10.0,10.0,10.0
17457392,80.0,8.0,6.0,10.0,10.0,6.0,6.0
3567153,93.0,9.0,9.0,9.0,10.0,10.0,10.0
8834167,100.0,10.0,10.0,10.0,10.0,10.0,10.0
3567319,88.0,8.0,9.0,8.0,9.0,10.0,9.0
14395495,92.0,9.0,10.0,10.0,10.0,9.0,9.0
6897561,86.0,9.0,9.0,9.0,9.0,9.0,9.0
4812373,80.0,8.0,8.0,9.0,10.0,9.0,8.0
909957,92.0,10.0,10.0,10.0,10.0,9.0,9.0
12453788,87.0,9.0,9.0,9.0,9.0,9.0,9.0
3456478,96.0,10.0,10.0,10.0,10.0,10.0,10.0
21273757,100.0,10.0,10.0,10.0,10.0,10.0,10.0
9389241,100.0,10.0,10.0,10.0,10.0,10.0,10.0
14690833,95.0,10.0,10.0,10.0,10.0,9.0,9.0
18818818,90.0,10.0,10.0,8.0,9.0,10.0,9.0
7303862,98.0,10.0,10.0,10.0,10.0,10.0,10.0
11030622,94.0,9.0,9.0,10.0,10.0,10.0,9.0
17165527,94.0,10.0,9.0,10.0,10.0,9.0,9.0
14040641,99.0,10.0,10.0,10.0,10.0,9.0,10.0
5740336,90.0,9.0,9.0,10.0,10.0,10.0,9.0
21395767,40.0,4.0,2.0,2.0,6.0,10.0,8.0
6088831,97.0,10.0,10.0,10.0,10.0,9.0,9.0
6068000,98.0,10.0,10.0,10.0,10.0,10.0,9.0
664917,98.0,10.0,10.0,10.0,10.0,9.0,9.0
20921354,100.0,10.0,10.0,10.0,10.0,9.0,9.0
19805891,97.0,10.0,10.0,10.0,10.0,10.0,10.0
12061069,100.0,10.0,10.0,10.0,10.0,10.0,10.0
15764644,86.0,9.0,8.0,10.0,9.0,9.0,8.0
15676216,94.0,10.0,9.0,10.0,10.0,10.0,10.0
20577846,93.0,9.0,9.0,9.0,9.0,9.0,9.0
17388202,98.0,10.0,9.0,10.0,10.0,9.0,10.0
13610420,90.0,9.0,10.0,10.0,10.0,9.0,9.0
17709566,100.0,10.0,10.0,10.0,10.0,10.0,10.0
628055,95.0,10.0,9.0,10.0,10.0,10.0,9.0
18606304,91.0,9.0,10.0,9.0,9.0,9.0,9.0
20795914,97.0,10.0,10.0,9.0,9.0,9.0,10.0
6726250,93.0,10.0,10.0,10.0,10.0,10.0,10.0
21622348,100.0,10.0,10.0,10.0,10.0,10.0,10.0
3890171,86.0,9.0,9.0,9.0,9.0,9.0,9.0
4247884,90.0,9.0,10.0,9.0,9.0,10.0,9.0
20758838,90.0,9.0,10.0,9.0,9.0,9.0,8.0
19778498,100.0,10.0,10.0,10.0,10.0,10.0,10.0
15219735,92.0,10.0,10.0,10.0,10.0,10.0,9.0
18456703,98.0,9.0,10.0,10.0,10.0,10.0,10.0
18481289,95.0,10.0,10.0,10.0,10.0,9.0,10.0
20507904,100.0,9.0,10.0,10.0,9.0,8.0,7.0
14199570,97.0,10.0,10.0,10.0,10.0,10.0,10.0
18826377,92.0,10.0,10.0,10.0,10.0,10.0,9.0
16309343,99.0,10.0,10.0,10.0,10.0,10.0,10.0
18441069,99.0,10.0,10.0,10.0,10.0,9.0,10.0
10712359,92.0,9.0,9.0,9.0,9.0,9.0,9.0
19098115,96.0,10.0,10.0,10.0,9.0,10.0,10.0
17730990,97.0,10.0,10.0,10.0,10.0,10.0,9.0
16700864,100.0,10.0,10.0,10.0,10.0,10.0,9.0
16422397,98.0,10.0,10.0,10.0,9.0,9.0,10.0
19370158,94.0,10.0,10.0,10.0,10.0,9.0,9.0
13800901,96.0,10.0,10.0,10.0,10.0,10.0,9.0
8178791,98.0,10.0,10.0,10.0,10.0,10.0,9.0
16366321,80.0,9.0,8.0,9.0,9.0,9.0,8.0
19251114,95.0,9.0,10.0,10.0,10.0,10.0,9.0
11435690,100.0,10.0,10.0,10.0,10.0,10.0,10.0
16423594,99.0,10.0,10.0,10.0,10.0,10.0,10.0
5239971,99.0,10.0,10.0,10.0,10.0,10.0,10.0
6556806,98.0,10.0,10.0,10.0,10.0,10.0,10.0
1349109,100.0,10.0,10.0,10.0,10.0,10.0,10.0
20089168,94.0,10.0,9.0,10.0,9.0,10.0,10.0
21669880,100.0,10.0,9.0,10.0,10.0,10.0,9.0
10103351,89.0,9.0,10.0,9.0,9.0,9.0,10.0
19025918,75.0,9.0,10.0,8.0,8.0,8.0,8.0
10850628,98.0,10.0,10.0,10.0,10.0,10.0,10.0
13318735,95.0,10.0,10.0,10.0,10.0,9.0,9.0
18310328,96.0,10.0,9.0,10.0,10.0,9.0,9.0
19765419,98.0,10.0,9.0,10.0,10.0,10.0,10.0
18021409,97.0,10.0,10.0,10.0,10.0,10.0,10.0
20822376,100.0,10.0,10.0,10.0,10.0,10.0,9.0
12816482,100.0,10.0,10.0,10.0,10.0,10.0,10.0
20842298,100.0,10.0,10.0,10.0,10.0,10.0,10.0
18553457,87.0,9.0,9.0,9.0,8.0,10.0,9.0
17252819,80.0,9.0,8.0,10.0,9.0,10.0,9.0
19338412,93.0,10.0,9.0,10.0,9.0,9.0,9.0
15121957,97.0,10.0,10.0,10.0,10.0,10.0,10.0
15709750,100.0,10.0,10.0,10.0,10.0,10.0,10.0
2357803,100.0,10.0,10.0,10.0,10.0,9.0,10.0
19327757,100.0,8.0,8.0,10.0,10.0,10.0,8.0
13080553,100.0,10.0,10.0,10.0,10.0,10.0,10.0
11406979,99.0,10.0,10.0,10.0,10.0,10.0,10.0
11241268,93.0,10.0,9.0,9.0,10.0,9.0,9.0
17111963,100.0,10.0,10.0,10.0,10.0,10.0,10.0
6833449,97.0,10.0,10.0,10.0,10.0,9.0,9.0
11368851,100.0,10.0,10.0,10.0,10.0,10.0,8.0
19865042,95.0,10.0,9.0,10.0,10.0,10.0,10.0
3438416,90.0,10.0,9.0,10.0,10.0,10.0,10.0
11485437,100.0,10.0,10.0,10.0,10.0,10.0,10.0
7017084,100.0,10.0,10.0,10.0,10.0,10.0,10.0
17619913,95.0,10.0,9.0,10.0,10.0,10.0,9.0
14435396,98.0,10.0,10.0,10.0,10.0,10.0,10.0
12317867,98.0,10.0,9.0,10.0,10.0,10.0,10.0
2366343,89.0,9.0,9.0,9.0,9.0,9.0,9.0
4972897,99.0,9.0,10.0,10.0,10.0,10.0,9.0
12643259,95.0,10.0,10.0,10.0,10.0,10.0,9.0
2917476,98.0,9.0,10.0,10.0,10.0,10.0,9.0
11403937,100.0,10.0,10.0,10.0,10.0,10.0,10.0
12014119,93.0,10.0,9.0,10.0,10.0,9.0,10.0
8138844,84.0,9.0,10.0,9.0,9.0,9.0,9.0
11428610,96.0,10.0,10.0,10.0,10.0,10.0,9.0
15279559,100.0,10.0,10.0,10.0,10.0,10.0,10.0
5670364,88.0,9.0,9.0,10.0,10.0,10.0,9.0
17172361,97.0,10.0,9.0,10.0,10.0,9.0,9.0
1371974,92.0,10.0,10.0,10.0,10.0,9.0,9.0
10544390,88.0,9.0,9.0,9.0,9.0,9.0,9.0
21454133,96.0,10.0,10.0,10.0,10.0,10.0,10.0
4642941,94.0,10.0,9.0,9.0,10.0,9.0,9.0
5690517,91.0,9.0,10.0,10.0,10.0,9.0,9.0
15205173,85.0,9.0,9.0,9.0,9.0,9.0,9.0
20840426,95.0,10.0,10.0,10.0,10.0,10.0,10.0
5988364,95.0,10.0,10.0,10.0,10.0,10.0,9.0
19535332,80.0,10.0,7.0,7.0,8.0,10.0,10.0
9911823,96.0,10.0,10.0,10.0,10.0,9.0,9.0
13036425,93.0,7.0,10.0,7.0,10.0,9.0,9.0
18392773,94.0,10.0,9.0,10.0,10.0,10.0,9.0
12205472,95.0,10.0,10.0,9.0,10.0,10.0,10.0
10421618,97.0,10.0,10.0,10.0,10.0,9.0,10.0
4032248,87.0,9.0,9.0,8.0,7.0,9.0,9.0
19257397,98.0,9.0,10.0,10.0,9.0,9.0,10.0
19451046,100.0,10.0,10.0,10.0,10.0,10.0,10.0
6501697,83.0,9.0,7.0,10.0,9.0,9.0,9.0
4126279,100.0,10.0,10.0,10.0,10.0,10.0,10.0
17339163,97.0,10.0,9.0,10.0,10.0,10.0,10.0
12429228,90.0,9.0,9.0,9.0,9.0,10.0,9.0
20707605,99.0,10.0,10.0,10.0,10.0,10.0,10.0
9637962,82.0,9.0,9.0,9.0,9.0,9.0,8.0
12101245,92.0,9.0,9.0,10.0,10.0,9.0,9.0
3564111,98.0,10.0,10.0,10.0,10.0,9.0,9.0
7096637,97.0,10.0,9.0,10.0,10.0,10.0,10.0
14907546,80.0,10.0,8.0,10.0,10.0,10.0,10.0
19836013,98.0,10.0,10.0,10.0,10.0,9.0,10.0
8047481,95.0,10.0,10.0,10.0,10.0,10.0,9.0
15492492,80.0,7.0,9.0,9.0,9.0,9.0,9.0
7617153,100.0,10.0,10.0,10.0,10.0,10.0,10.0
21107287,100.0,10.0,10.0,10.0,10.0,10.0,10.0
4162328,87.0,9.0,9.0,10.0,10.0,9.0,9.0
4782003,85.0,9.0,9.0,10.0,10.0,10.0,9.0
13951837,80.0,9.0,9.0,9.0,8.0,9.0,9.0
21614100,100.0,10.0,10.0,10.0,10.0,10.0,10.0
13808590,95.0,10.0,10.0,10.0,9.0,10.0,10.0
16172420,94.0,9.0,8.0,10.0,10.0,10.0,9.0
5211722,87.0,9.0,9.0,9.0,9.0,9.0,9.0
3386198,82.0,9.0,8.0,10.0,9.0,9.0,8.0
13542576,94.0,10.0,10.0,10.0,10.0,10.0,9.0
3750032,95.0,10.0,10.0,10.0,10.0,9.0,9.0
2226244,96.0,10.0,10.0,10.0,10.0,10.0,10.0
12555500,82.0,9.0,8.0,9.0,9.0,9.0,8.0
18580964,96.0,10.0,10.0,10.0,10.0,10.0,10.0
6650035,91.0,9.0,9.0,9.0,9.0,10.0,9.0
7136844,94.0,9.0,10.0,10.0,10.0,9.0,9.0
13105371,94.0,9.0,10.0,10.0,10.0,10.0,9.0
7702350,94.0,10.0,9.0,10.0,10.0,10.0,9.0
12447646,93.0,10.0,9.0,10.0,10.0,10.0,9.0
15977047,97.0,10.0,10.0,10.0,10.0,9.0,10.0
19872356,96.0,10.0,10.0,10.0,10.0,10.0,10.0
18632996,97.0,10.0,10.0,10.0,10.0,10.0,9.0
8056723,97.0,10.0,10.0,10.0,10.0,10.0,10.0
534098,96.0,10.0,10.0,10.0,10.0,10.0,10.0
5455569,89.0,9.0,9.0,10.0,10.0,9.0,9.0
14882761,96.0,10.0,10.0,10.0,10.0,10.0,9.0
19639991,92.0,10.0,9.0,10.0,10.0,9.0,9.0
16972237,89.0,9.0,10.0,9.0,9.0,9.0,9.0
12190137,89.0,10.0,10.0,9.0,10.0,9.0,9.0
7288287,94.0,9.0,9.0,10.0,10.0,10.0,10.0
1192759,96.0,10.0,10.0,10.0,10.0,10.0,10.0
476344,93.0,9.0,9.0,9.0,10.0,9.0,9.0
19117091,70.0,7.0,9.0,6.0,9.0,9.0,7.0
8500997,99.0,10.0,10.0,10.0,10.0,9.0,10.0
19762153,93.0,10.0,9.0,10.0,10.0,10.0,9.0
15370436,97.0,10.0,10.0,10.0,10.0,10.0,10.0
14426590,60.0,2.0,6.0,10.0,10.0,10.0,6.0
20852407,91.0,10.0,9.0,9.0,9.0,9.0,9.0
13608920,98.0,10.0,10.0,10.0,10.0,10.0,10.0
14727973,99.0,10.0,10.0,10.0,10.0,10.0,10.0
8467521,94.0,10.0,10.0,10.0,10.0,10.0,9.0
1272102,100.0,10.0,10.0,10.0,10.0,10.0,10.0
12220809,97.0,10.0,10.0,10.0,10.0,10.0,10.0
16357968,98.0,10.0,10.0,10.0,10.0,10.0,10.0
1179787,97.0,10.0,10.0,10.0,10.0,10.0,10.0
7832670,100.0,10.0,8.0,8.0,10.0,10.0,10.0
10727022,98.0,9.0,10.0,10.0,10.0,10.0,10.0
183780,96.0,10.0,10.0,10.0,10.0,10.0,9.0
4370415,95.0,10.0,10.0,10.0,10.0,9.0,10.0
7641162,99.0,10.0,9.0,10.0,10.0,10.0,10.0
4119876,91.0,9.0,9.0,10.0,10.0,10.0,9.0
21620243,80.0,10.0,10.0,8.0,10.0,10.0,10.0
7392111,97.0,10.0,9.0,10.0,10.0,10.0,10.0
10336949,99.0,10.0,10.0,10.0,10.0,10.0,10.0
7701827,98.0,10.0,10.0,10.0,10.0,10.0,10.0
12491335,96.0,10.0,10.0,10.0,10.0,10.0,10.0
17109045,92.0,10.0,9.0,10.0,10.0,10.0,9.0
10509547,88.0,9.0,9.0,9.0,9.0,10.0,9.0
17919852,96.0,9.0,10.0,10.0,10.0,9.0,10.0
15072955,99.0,10.0,10.0,10.0,10.0,10.0,10.0
6849405,96.0,10.0,9.0,9.0,10.0,10.0,9.0
16129317,98.0,10.0,10.0,10.0,10.0,10.0,10.0
17316326,97.0,10.0,10.0,10.0,10.0,10.0,9.0
17151476,100.0,10.0,10.0,10.0,10.0,10.0,10.0
6036020,97.0,10.0,10.0,10.0,10.0,10.0,10.0
2790386,98.0,10.0,10.0,10.0,10.0,9.0,9.0
21238187,80.0,8.0,8.0,7.0,9.0,9.0,8.0
6649254,88.0,9.0,9.0,9.0,9.0,9.0,9.0
2058042,96.0,10.0,10.0,10.0,10.0,10.0,9.0
6942048,88.0,9.0,9.0,10.0,10.0,9.0,9.0
7721773,97.0,10.0,10.0,10.0,10.0,10.0,10.0
6193445,100.0,10.0,10.0,10.0,10.0,10.0,10.0
18245559,100.0,10.0,10.0,10.0,10.0,10.0,10.0
18511908,92.0,10.0,9.0,10.0,10.0,10.0,9.0
6446474,88.0,9.0,9.0,10.0,10.0,10.0,9.0
12566773,86.0,9.0,9.0,10.0,10.0,9.0,9.0
19501638,100.0,9.0,9.0,9.0,10.0,9.0,9.0
1298750,92.0,9.0,9.0,10.0,10.0,9.0,9.0
11686599,97.0,10.0,10.0,10.0,10.0,10.0,10.0
20805693,93.0,9.0,10.0,10.0,9.0,9.0,10.0
19501180,92.0,10.0,10.0,9.0,9.0,9.0,9.0
10201427,99.0,10.0,10.0,10.0,10.0,10.0,10.0
1222198,100.0,10.0,10.0,10.0,9.0,10.0,9.0
10804139,99.0,10.0,10.0,10.0,10.0,10.0,10.0
11997380,97.0,10.0,10.0,10.0,10.0,10.0,10.0
11265859,96.0,9.0,10.0,10.0,10.0,10.0,9.0
16527302,100.0,10.0,10.0,10.0,10.0,10.0,10.0
17661291,100.0,10.0,10.0,10.0,10.0,10.0,10.0
6929104,94.0,10.0,9.0,10.0,10.0,9.0,9.0
18676561,96.0,10.0,10.0,10.0,10.0,9.0,9.0
20450270,90.0,9.0,10.0,9.0,9.0,9.0,8.0
20498574,100.0,10.0,10.0,9.0,10.0,10.0,10.0
19304422,88.0,10.0,10.0,8.0,8.0,9.0,9.0
20829545,100.0,10.0,10.0,10.0,10.0,9.0,10.0
16608073,100.0,10.0,10.0,10.0,10.0,9.0,10.0
16611432,98.0,10.0,10.0,10.0,10.0,10.0,9.0
21408938,100.0,10.0,10.0,10.0,10.0,10.0,10.0
17185384,99.0,10.0,10.0,10.0,10.0,10.0,10.0
17022381,99.0,10.0,10.0,10.0,10.0,10.0,10.0
3685370,95.0,10.0,10.0,10.0,10.0,9.0,10.0
10073320,92.0,9.0,10.0,10.0,10.0,9.0,9.0
7429800,99.0,10.0,10.0,10.0,10.0,10.0,10.0
11468115,91.0,9.0,9.0,10.0,10.0,10.0,9.0
14857307,95.0,10.0,10.0,10.0,10.0,9.0,10.0
9890287,94.0,10.0,10.0,10.0,10.0,10.0,9.0
16224685,94.0,10.0,9.0,10.0,10.0,10.0,9.0
17530460,96.0,9.0,9.0,9.0,10.0,9.0,9.0
20201809,100.0,10.0,10.0,10.0,10.0,10.0,10.0
17049054,91.0,9.0,9.0,9.0,10.0,10.0,9.0
12023674,93.0,10.0,10.0,10.0,10.0,10.0,10.0
15582216,95.0,10.0,10.0,10.0,10.0,10.0,9.0
10181446,100.0,10.0,10.0,10.0,10.0,10.0,10.0
9640676,97.0,10.0,10.0,10.0,10.0,9.0,9.0
15463301,91.0,9.0,9.0,9.0,9.0,9.0,9.0
20687436,90.0,9.0,9.0,10.0,10.0,9.0,9.0
21203020,94.0,9.0,9.0,9.0,9.0,9.0,9.0
4827173,87.0,10.0,8.0,10.0,10.0,10.0,9.0
16655412,96.0,10.0,10.0,10.0,10.0,9.0,9.0
16462720,93.0,10.0,9.0,10.0,10.0,10.0,9.0
20952382,100.0,10.0,10.0,10.0,10.0,10.0,10.0
18029075,100.0,10.0,10.0,10.0,10.0,10.0,10.0
12182163,96.0,10.0,10.0,10.0,10.0,10.0,10.0
20975707,100.0,10.0,10.0,10.0,10.0,10.0,10.0
19058654,100.0,10.0,10.0,10.0,10.0,10.0,10.0
14314581,100.0,10.0,10.0,10.0,10.0,10.0,10.0
19518231,93.0,10.0,8.0,10.0,10.0,10.0,10.0
411058,95.0,10.0,10.0,10.0,10.0,10.0,9.0
15079389,78.0,8.0,8.0,9.0,9.0,9.0,8.0
5961262,100.0,8.0,10.0,10.0,10.0,10.0,8.0
2974620,95.0,10.0,9.0,10.0,9.0,9.0,9.0
700495,96.0,10.0,9.0,10.0,10.0,10.0,10.0
17026051,92.0,10.0,10.0,10.0,10.0,10.0,10.0
1609510,91.0,9.0,9.0,9.0,10.0,10.0,9.0
19091669,90.0,10.0,10.0,10.0,10.0,9.0,9.0
16262532,100.0,10.0,10.0,10.0,10.0,10.0,10.0
12080405,88.0,9.0,9.0,9.0,9.0,9.0,9.0
8318725,100.0,10.0,10.0,10.0,10.0,9.0,10.0
20282234,90.0,10.0,10.0,10.0,10.0,10.0,9.0
13438742,100.0,10.0,10.0,10.0,10.0,10.0,10.0
12142930,99.0,10.0,10.0,10.0,10.0,10.0,10.0
15629534,92.0,10.0,9.0,10.0,10.0,10.0,9.0
21026305,100.0,10.0,10.0,10.0,10.0,10.0,10.0
9519218,83.0,8.0,9.0,9.0,8.0,8.0,8.0
12823623,90.0,9.0,10.0,10.0,10.0,10.0,9.0
2035090,98.0,10.0,10.0,9.0,10.0,10.0,9.0
13900513,90.0,9.0,9.0,10.0,10.0,9.0,9.0
697704,92.0,9.0,9.0,9.0,9.0,9.0,10.0
4830093,99.0,10.0,10.0,10.0,10.0,10.0,10.0
15541039,100.0,10.0,10.0,10.0,10.0,10.0,10.0
20698870,100.0,10.0,10.0,10.0,10.0,10.0,10.0
9769771,97.0,10.0,10.0,10.0,10.0,10.0,10.0
7067049,94.0,10.0,9.0,10.0,9.0,10.0,9.0
13135441,90.0,10.0,10.0,10.0,9.0,9.0,9.0
9331489,100.0,10.0,9.0,10.0,10.0,10.0,10.0
11997033,87.0,10.0,9.0,10.0,10.0,9.0,10.0
13072289,88.0,9.0,9.0,10.0,9.0,9.0,9.0
9250217,80.0,10.0,8.0,10.0,10.0,8.0,8.0
15721881,100.0,10.0,10.0,10.0,10.0,10.0,10.0
2005975,99.0,10.0,10.0,10.0,10.0,10.0,10.0
5178823,95.0,10.0,10.0,10.0,10.0,10.0,9.0
13907781,73.0,8.0,8.0,9.0,9.0,8.0,7.0
10629592,92.0,9.0,9.0,10.0,10.0,10.0,9.0
19796355,100.0,10.0,8.0,10.0,10.0,10.0,10.0
7211249,97.0,10.0,9.0,10.0,10.0,10.0,10.0
1824621,97.0,10.0,10.0,10.0,10.0,10.0,9.0
9836688,98.0,10.0,10.0,10.0,10.0,10.0,10.0
13486994,100.0,10.0,10.0,10.0,10.0,10.0,10.0
12460155,92.0,9.0,9.0,9.0,10.0,10.0,10.0
6861635,100.0,10.0,10.0,10.0,10.0,10.0,10.0
17473908,95.0,10.0,10.0,10.0,10.0,9.0,9.0
15986599,88.0,9.0,9.0,10.0,10.0,9.0,10.0
18903120,80.0,10.0,8.0,10.0,10.0,10.0,8.0
5505608,98.0,9.0,9.0,10.0,10.0,10.0,9.0
4798214,95.0,10.0,10.0,10.0,10.0,10.0,9.0
16439123,97.0,10.0,10.0,10.0,10.0,10.0,10.0
14144380,93.0,10.0,9.0,10.0,10.0,9.0,9.0
8649988,80.0,9.0,9.0,10.0,10.0,10.0,9.0
787585,79.0,9.0,9.0,7.0,8.0,9.0,7.0
20866835,80.0,9.0,9.0,10.0,10.0,5.0,9.0
14651633,89.0,9.0,9.0,9.0,9.0,9.0,9.0
16123785,96.0,10.0,10.0,10.0,10.0,10.0,10.0
3945470,97.0,10.0,10.0,10.0,10.0,10.0,10.0
19598027,60.0,4.0,8.0,8.0,6.0,10.0,4.0
18003765,97.0,10.0,10.0,10.0,10.0,10.0,10.0
11683449,98.0,10.0,10.0,10.0,10.0,10.0,10.0
14333143,92.0,9.0,9.0,10.0,10.0,10.0,9.0
2137826,85.0,9.0,8.0,10.0,10.0,9.0,8.0
8123463,85.0,9.0,9.0,9.0,9.0,8.0,10.0
9780688,82.0,9.0,9.0,9.0,9.0,9.0,9.0
14157300,96.0,9.0,9.0,10.0,10.0,9.0,9.0
12852212,90.0,10.0,9.0,10.0,10.0,9.0,9.0
5601128,100.0,10.0,10.0,10.0,10.0,10.0,10.0
10767035,80.0,8.0,8.0,8.0,10.0,8.0,8.0
17150357,100.0,10.0,10.0,10.0,10.0,10.0,10.0
17542659,100.0,10.0,10.0,10.0,10.0,10.0,9.0
21321021,90.0,10.0,9.0,9.0,10.0,10.0,10.0
9152267,99.0,10.0,10.0,10.0,10.0,10.0,10.0
11909600,85.0,8.0,9.0,9.0,9.0,9.0,9.0
17317397,100.0,10.0,10.0,10.0,10.0,10.0,10.0
10933402,97.0,10.0,10.0,10.0,10.0,10.0,10.0
20823762,100.0,10.0,10.0,10.0,10.0,10.0,6.0
693976,98.0,10.0,10.0,10.0,10.0,10.0,10.0
15475710,100.0,10.0,10.0,10.0,10.0,10.0,10.0
17302932,100.0,10.0,10.0,10.0,10.0,10.0,10.0
15996450,100.0,10.0,10.0,10.0,10.0,10.0,10.0
16256960,90.0,10.0,8.0,10.0,10.0,10.0,10.0
19756401,100.0,10.0,10.0,10.0,10.0,10.0,10.0
15233053,94.0,10.0,10.0,10.0,10.0,9.0,10.0
2737437,90.0,10.0,10.0,10.0,10.0,9.0,8.0
1521931,93.0,10.0,10.0,9.0,10.0,9.0,9.0
11312826,97.0,10.0,10.0,10.0,10.0,10.0,10.0
17935858,100.0,10.0,10.0,10.0,10.0,9.0,10.0
12244930,90.0,10.0,9.0,10.0,10.0,10.0,8.0
20540992,87.0,9.0,7.0,9.0,9.0,9.0,9.0
20739453,100.0,10.0,10.0,10.0,10.0,10.0,10.0
17530594,93.0,10.0,7.0,10.0,10.0,10.0,8.0
9710493,80.0,10.0,10.0,10.0,10.0,6.0,8.0
15599731,80.0,6.0,7.0,9.0,8.0,9.0,8.0
17034108,100.0,10.0,10.0,10.0,10.0,10.0,10.0
4076594,80.0,10.0,10.0,10.0,10.0,10.0,7.0
8706273,100.0,10.0,10.0,10.0,10.0,10.0,10.0
21323349,80.0,10.0,9.0,10.0,10.0,10.0,9.0
9473428,80.0,8.0,9.0,9.0,8.0,9.0,8.0
2168178,93.0,9.0,10.0,9.0,9.0,10.0,9.0
15787437,80.0,8.0,9.0,6.0,9.0,10.0,8.0
6346871,100.0,10.0,10.0,9.0,10.0,10.0,10.0
14253345,60.0,5.0,7.0,7.0,7.0,6.0,4.0
15850294,93.0,10.0,10.0,10.0,10.0,9.0,10.0
17206910,100.0,10.0,10.0,10.0,10.0,10.0,10.0
17243307,100.0,10.0,10.0,10.0,10.0,10.0,10.0
17469160,94.0,10.0,10.0,10.0,10.0,10.0,10.0
13988515,94.0,10.0,9.0,10.0,9.0,10.0,9.0
5296496,93.0,10.0,9.0,10.0,10.0,9.0,9.0
4361562,87.0,9.0,10.0,7.0,8.0,10.0,8.0
3508351,100.0,10.0,10.0,10.0,10.0,10.0,10.0
13219938,100.0,10.0,10.0,10.0,10.0,10.0,10.0
4231659,96.0,9.0,10.0,9.0,9.0,10.0,9.0
11565309,100.0,10.0,10.0,10.0,10.0,10.0,9.0
12205125,100.0,10.0,10.0,8.0,10.0,10.0,8.0
4231217,68.0,7.0,9.0,7.0,8.0,7.0,8.0
3904899,89.0,9.0,9.0,10.0,9.0,9.0,9.0
3866275,95.0,10.0,10.0,10.0,10.0,10.0,9.0
21435623,100.0,10.0,10.0,10.0,10.0,10.0,10.0
20795199,95.0,10.0,10.0,10.0,10.0,10.0,10.0
15597795,99.0,10.0,10.0,10.0,10.0,10.0,10.0
823725,88.0,9.0,9.0,10.0,10.0,9.0,9.0
20764918,93.0,10.0,10.0,10.0,10.0,10.0,10.0
21662419,100.0,10.0,10.0,10.0,10.0,10.0,10.0
9763463,93.0,10.0,10.0,10.0,10.0,9.0,9.0
17584695,99.0,10.0,10.0,10.0,10.0,10.0,10.0
11603929,99.0,10.0,10.0,10.0,10.0,10.0,10.0
20649916,90.0,9.0,9.0,9.0,9.0,9.0,9.0
18493989,89.0,9.0,9.0,9.0,10.0,9.0,9.0
13469411,93.0,10.0,10.0,10.0,10.0,10.0,10.0
13936563,96.0,10.0,10.0,10.0,10.0,10.0,9.0
17858604,88.0,9.0,8.0,9.0,9.0,9.0,9.0
706264,95.0,10.0,10.0,10.0,10.0,10.0,9.0
17429828,80.0,10.0,10.0,10.0,10.0,10.0,8.0
8023113,95.0,10.0,10.0,10.0,10.0,10.0,10.0
18002999,100.0,10.0,10.0,10.0,9.0,10.0,10.0
7068797,98.0,10.0,9.0,10.0,10.0,9.0,9.0
18606048,100.0,10.0,10.0,10.0,10.0,10.0,10.0
13789839,100.0,10.0,10.0,10.0,10.0,10.0,10.0
3412165,92.0,9.0,9.0,10.0,10.0,10.0,9.0
20967661,90.0,8.0,9.0,9.0,10.0,10.0,10.0
10904878,86.0,9.0,9.0,9.0,9.0,10.0,9.0
21494320,100.0,10.0,10.0,10.0,10.0,10.0,10.0
9356144,100.0,10.0,10.0,10.0,10.0,10.0,10.0
10651976,96.0,10.0,9.0,10.0,10.0,10.0,10.0
12552300,100.0,10.0,9.0,10.0,10.0,10.0,9.0
20463538,100.0,10.0,10.0,10.0,10.0,10.0,10.0
20050718,85.0,9.0,7.0,10.0,9.0,10.0,9.0
17489798,100.0,10.0,10.0,10.0,10.0,10.0,10.0
7551016,82.0,9.0,8.0,9.0,9.0,10.0,8.0
20348351,100.0,10.0,10.0,10.0,10.0,6.0,10.0
2338093,94.0,9.0,9.0,10.0,10.0,10.0,9.0
2350002,95.0,10.0,9.0,10.0,10.0,10.0,9.0
13388706,80.0,9.0,10.0,8.0,8.0,10.0,9.0
9380515,96.0,10.0,10.0,9.0,10.0,10.0,10.0
17841609,100.0,10.0,10.0,8.0,10.0,10.0,10.0
16599704,93.0,10.0,10.0,10.0,10.0,9.0,9.0
15639451,94.0,9.0,10.0,10.0,10.0,9.0,9.0
10055814,100.0,10.0,10.0,10.0,10.0,10.0,10.0
20268366,100.0,10.0,10.0,10.0,8.0,10.0,8.0
4272048,80.0,8.0,9.0,8.0,8.0,10.0,7.0
8136627,100.0,10.0,10.0,10.0,10.0,8.0,10.0
4272166,88.0,8.0,9.0,8.0,10.0,10.0,9.0
16476703,100.0,10.0,10.0,10.0,10.0,10.0,10.0
6193977,82.0,9.0,8.0,9.0,10.0,9.0,8.0
14119725,97.0,10.0,9.0,10.0,10.0,10.0,10.0
17325187,99.0,10.0,10.0,10.0,10.0,10.0,9.0
11736459,93.0,10.0,10.0,10.0,10.0,10.0,9.0
14382316,93.0,9.0,9.0,9.0,9.0,9.0,9.0
14479388,80.0,8.0,9.0,8.0,9.0,6.0,6.0
14735925,100.0,10.0,10.0,10.0,10.0,10.0,10.0
1414408,96.0,10.0,10.0,10.0,10.0,10.0,10.0
1067335,95.0,10.0,10.0,10.0,10.0,10.0,9.0
14987040,100.0,10.0,10.0,10.0,10.0,10.0,10.0
16263752,85.0,9.0,9.0,9.0,9.0,9.0,9.0
12281747,100.0,8.0,10.0,10.0,10.0,10.0,10.0
3745247,93.0,10.0,10.0,10.0,10.0,10.0,9.0
6940866,92.0,9.0,9.0,9.0,9.0,10.0,9.0
16377616,82.0,9.0,9.0,9.0,9.0,9.0,9.0
21003738,100.0,10.0,10.0,10.0,10.0,10.0,10.0
17572144,97.0,10.0,10.0,10.0,10.0,10.0,9.0
3336644,97.0,10.0,10.0,10.0,10.0,9.0,9.0
18380806,100.0,10.0,10.0,10.0,10.0,10.0,8.0
15131310,96.0,10.0,10.0,10.0,10.0,9.0,10.0
18512889,96.0,10.0,9.0,10.0,10.0,10.0,10.0
16334027,98.0,10.0,10.0,10.0,10.0,10.0,10.0
8882619,97.0,9.0,10.0,10.0,10.0,10.0,9.0
16438377,99.0,10.0,10.0,10.0,10.0,9.0,9.0
2742038,83.0,9.0,9.0,9.0,9.0,10.0,8.0
18715502,83.0,9.0,9.0,9.0,10.0,9.0,8.0
18382604,100.0,10.0,10.0,10.0,10.0,10.0,10.0
12317874,96.0,10.0,9.0,10.0,10.0,9.0,10.0
19917792,100.0,10.0,10.0,10.0,10.0,10.0,10.0
5479905,97.0,10.0,10.0,10.0,10.0,9.0,9.0
7523783,100.0,10.0,10.0,10.0,10.0,10.0,10.0
3776950,87.0,9.0,9.0,8.0,8.0,9.0,8.0
15555935,85.0,9.0,8.0,9.0,9.0,10.0,9.0
20470140,82.0,9.0,9.0,10.0,10.0,8.0,9.0
6754329,96.0,10.0,10.0,10.0,10.0,9.0,9.0
20780500,100.0,10.0,10.0,10.0,10.0,10.0,8.0
1387287,90.0,9.0,9.0,10.0,10.0,10.0,9.0
11413062,98.0,10.0,10.0,10.0,10.0,10.0,10.0
8872996,97.0,10.0,10.0,10.0,10.0,9.0,9.0
1236785,92.0,9.0,9.0,9.0,9.0,10.0,8.0
17735141,100.0,9.0,10.0,10.0,10.0,10.0,10.0
20734842,89.0,9.0,9.0,10.0,10.0,10.0,9.0
7367940,82.0,9.0,8.0,9.0,9.0,9.0,8.0
8978699,93.0,10.0,9.0,10.0,10.0,10.0,9.0
20974526,73.0,7.0,5.0,10.0,10.0,8.0,8.0
19324041,100.0,10.0,10.0,10.0,10.0,10.0,10.0
17886487,90.0,10.0,10.0,10.0,10.0,10.0,10.0
21041329,94.0,10.0,10.0,10.0,10.0,9.0,9.0
7099516,100.0,9.0,10.0,10.0,10.0,10.0,9.0
103864,93.0,9.0,10.0,10.0,10.0,9.0,9.0
17284167,100.0,10.0,10.0,10.0,10.0,10.0,10.0
7910947,93.0,9.0,9.0,9.0,10.0,10.0,9.0
17356618,91.0,9.0,9.0,10.0,10.0,10.0,9.0
4231418,67.0,7.0,9.0,5.0,8.0,9.0,7.0
14378651,98.0,10.0,10.0,10.0,9.0,10.0,9.0
20663430,80.0,10.0,10.0,8.0,10.0,10.0,10.0
21083724,77.0,9.0,8.0,10.0,10.0,9.0,8.0
20914651,100.0,10.0,10.0,10.0,10.0,10.0,10.0
7363795,100.0,10.0,10.0,10.0,10.0,10.0,10.0
13946840,100.0,10.0,10.0,10.0,10.0,10.0,10.0
4822620,95.0,10.0,10.0,10.0,10.0,9.0,10.0
10539939,85.0,9.0,9.0,9.0,9.0,9.0,8.0
19866345,100.0,10.0,10.0,10.0,10.0,10.0,10.0
9135108,100.0,10.0,10.0,10.0,10.0,10.0,10.0
12122748,100.0,10.0,10.0,10.0,10.0,10.0,10.0
7316426,90.0,10.0,9.0,9.0,9.0,10.0,9.0
2281735,96.0,9.0,9.0,10.0,10.0,9.0,9.0
9829792,89.0,9.0,9.0,10.0,10.0,10.0,9.0
7571844,98.0,10.0,10.0,10.0,10.0,10.0,10.0
14178028,100.0,10.0,9.0,10.0,10.0,10.0,10.0
2098253,95.0,10.0,10.0,10.0,10.0,10.0,9.0
12383490,100.0,10.0,10.0,10.0,10.0,10.0,9.0
4747088,100.0,10.0,10.0,10.0,10.0,10.0,10.0
19223443,84.0,9.0,9.0,10.0,9.0,9.0,8.0
13271249,93.0,10.0,9.0,10.0,10.0,10.0,9.0
17631001,97.0,10.0,10.0,10.0,10.0,9.0,9.0
17504201,100.0,10.0,10.0,10.0,10.0,9.0,10.0
12667784,99.0,10.0,10.0,10.0,10.0,10.0,10.0
18046810,100.0,10.0,8.0,10.0,10.0,10.0,10.0
11995398,91.0,10.0,10.0,9.0,10.0,10.0,9.0
19264456,100.0,10.0,10.0,10.0,10.0,10.0,10.0
1353591,94.0,9.0,9.0,10.0,10.0,10.0,9.0
20567787,100.0,10.0,10.0,10.0,10.0,10.0,8.0
10697241,90.0,10.0,9.0,10.0,9.0,10.0,9.0
20974313,100.0,10.0,10.0,10.0,10.0,10.0,10.0
19796387,100.0,8.0,10.0,10.0,10.0,10.0,10.0
18683926,93.0,10.0,9.0,9.0,10.0,10.0,9.0
17856193,100.0,10.0,10.0,10.0,10.0,10.0,10.0
7232689,100.0,10.0,10.0,10.0,10.0,10.0,10.0
325986,97.0,10.0,10.0,10.0,10.0,9.0,9.0
7676165,100.0,10.0,10.0,10.0,10.0,10.0,10.0
11255598,85.0,9.0,9.0,9.0,10.0,9.0,9.0
2226550,100.0,10.0,10.0,10.0,10.0,10.0,10.0
14289785,98.0,10.0,10.0,10.0,10.0,10.0,9.0
4785300,98.0,10.0,10.0,10.0,10.0,10.0,10.0
3418042,100.0,10.0,10.0,10.0,10.0,10.0,10.0
15915068,89.0,9.0,9.0,9.0,10.0,9.0,9.0
4302373,98.0,10.0,9.0,10.0,10.0,9.0,10.0
11509833,98.0,10.0,10.0,10.0,10.0,10.0,10.0
7455360,96.0,9.0,10.0,10.0,10.0,10.0,10.0
19591266,87.0,10.0,7.0,10.0,10.0,9.0,8.0
17443931,92.0,10.0,9.0,10.0,10.0,10.0,9.0
5666930,100.0,10.0,10.0,10.0,10.0,10.0,9.0
18085421,99.0,10.0,10.0,10.0,10.0,10.0,10.0
4230906,70.0,7.0,10.0,7.0,8.0,7.0,7.0
2452096,90.0,10.0,8.0,9.0,9.0,9.0,7.0
17765530,80.0,9.0,9.0,10.0,10.0,8.0,8.0
20179458,93.0,10.0,10.0,10.0,10.0,10.0,10.0
3824927,100.0,8.0,10.0,10.0,10.0,10.0,10.0
537866,95.0,10.0,10.0,9.0,9.0,9.0,9.0
11745593,98.0,10.0,10.0,10.0,10.0,10.0,9.0
3919407,95.0,10.0,10.0,9.0,9.0,9.0,9.0
13796575,92.0,9.0,10.0,10.0,10.0,10.0,9.0
11836058,90.0,10.0,9.0,9.0,10.0,10.0,10.0
17166730,100.0,10.0,10.0,10.0,10.0,10.0,9.0
9286235,87.0,10.0,9.0,10.0,10.0,10.0,8.0
15466065,96.0,10.0,10.0,10.0,9.0,10.0,10.0
3879207,96.0,10.0,10.0,10.0,10.0,10.0,10.0
19166627,100.0,10.0,10.0,10.0,10.0,10.0,10.0
19541160,96.0,9.0,10.0,9.0,9.0,10.0,9.0
20842636,90.0,10.0,9.0,10.0,8.0,9.0,9.0
18889608,92.0,10.0,10.0,9.0,9.0,10.0,10.0
18606474,100.0,10.0,10.0,10.0,10.0,10.0,9.0
7323136,89.0,9.0,9.0,9.0,9.0,9.0,9.0
14914124,97.0,10.0,9.0,10.0,10.0,10.0,10.0
8737046,95.0,10.0,10.0,9.0,10.0,10.0,10.0
20585669,100.0,10.0,9.0,10.0,10.0,10.0,10.0
6619936,99.0,10.0,10.0,10.0,10.0,10.0,10.0
11422167,96.0,10.0,10.0,10.0,10.0,10.0,10.0
924739,93.0,9.0,9.0,9.0,9.0,9.0,9.0
4550615,99.0,10.0,10.0,10.0,10.0,10.0,10.0
9491456,95.0,10.0,10.0,10.0,10.0,9.0,9.0
3341995,89.0,10.0,9.0,9.0,9.0,10.0,8.0
10603615,89.0,9.0,9.0,9.0,9.0,9.0,9.0
20906390,86.0,9.0,9.0,9.0,8.0,9.0,9.0
12743806,90.0,9.0,8.0,8.0,10.0,10.0,8.0
8620771,85.0,9.0,8.0,10.0,10.0,8.0,8.0
17939429,82.0,9.0,9.0,9.0,9.0,10.0,9.0
18778594,100.0,10.0,10.0,10.0,10.0,10.0,10.0
18781324,92.0,9.0,9.0,10.0,10.0,9.0,9.0
15992885,92.0,10.0,9.0,9.0,10.0,9.0,9.0
10117086,97.0,10.0,10.0,10.0,10.0,10.0,10.0
18624447,100.0,10.0,10.0,10.0,10.0,10.0,10.0
17628207,99.0,10.0,10.0,10.0,10.0,10.0,10.0
494701,81.0,9.0,8.0,9.0,9.0,9.0,8.0
18986489,100.0,10.0,10.0,10.0,10.0,8.0,10.0
4869297,88.0,9.0,9.0,9.0,9.0,9.0,9.0
1261150,90.0,10.0,9.0,9.0,9.0,9.0,9.0
20220612,100.0,10.0,10.0,10.0,10.0,10.0,9.0
15575337,89.0,9.0,8.0,9.0,10.0,9.0,9.0
15267763,88.0,10.0,9.0,9.0,10.0,9.0,8.0
20053580,95.0,10.0,10.0,9.0,9.0,9.0,10.0
21388646,100.0,9.0,10.0,9.0,10.0,8.0,10.0
21457251,80.0,8.0,6.0,8.0,10.0,8.0,8.0
8606072,96.0,10.0,10.0,10.0,10.0,10.0,10.0
4127872,100.0,10.0,10.0,10.0,10.0,10.0,10.0
11131634,100.0,10.0,10.0,10.0,10.0,10.0,10.0
7304718,97.0,10.0,10.0,10.0,10.0,10.0,10.0
17467377,99.0,10.0,10.0,10.0,10.0,10.0,9.0
6985697,100.0,9.0,9.0,10.0,10.0,10.0,8.0
3238242,98.0,10.0,10.0,10.0,10.0,10.0,10.0
1785288,95.0,9.0,10.0,10.0,10.0,9.0,9.0
17993076,98.0,10.0,10.0,10.0,10.0,10.0,10.0
19217266,87.0,10.0,9.0,10.0,10.0,9.0,9.0
16045551,90.0,9.0,9.0,10.0,9.0,10.0,9.0
13183093,97.0,10.0,10.0,10.0,10.0,10.0,10.0
17619762,98.0,10.0,10.0,10.0,10.0,9.0,9.0
21138946,100.0,10.0,10.0,10.0,10.0,8.0,10.0
13737779,100.0,10.0,10.0,10.0,10.0,10.0,8.0
8022477,98.0,10.0,10.0,10.0,10.0,10.0,10.0
765191,90.0,9.0,9.0,10.0,10.0,9.0,9.0
16215320,100.0,10.0,9.0,9.0,10.0,10.0,10.0
14225439,100.0,10.0,10.0,10.0,10.0,10.0,10.0
1692413,93.0,9.0,10.0,10.0,10.0,9.0,9.0
9742032,100.0,10.0,10.0,10.0,10.0,10.0,9.0
12581984,98.0,10.0,10.0,10.0,10.0,10.0,10.0
17339235,80.0,8.0,6.0,9.0,9.0,9.0,7.0
14233672,96.0,10.0,10.0,10.0,10.0,10.0,10.0
18134062,100.0,10.0,10.0,10.0,10.0,10.0,10.0
15125542,99.0,10.0,10.0,10.0,10.0,10.0,10.0
14736267,100.0,10.0,10.0,10.0,10.0,10.0,10.0
19451355,93.0,10.0,9.0,10.0,10.0,10.0,10.0
14529282,98.0,10.0,10.0,10.0,10.0,10.0,10.0
2336814,88.0,9.0,9.0,9.0,10.0,10.0,9.0
21351894,100.0,10.0,10.0,10.0,10.0,10.0,10.0
4428457,98.0,10.0,10.0,10.0,10.0,9.0,10.0
16355741,99.0,10.0,10.0,10.0,10.0,10.0,10.0
18118653,98.0,10.0,10.0,10.0,10.0,10.0,10.0
19337901,100.0,10.0,10.0,10.0,10.0,10.0,10.0
1219026,96.0,10.0,10.0,10.0,10.0,10.0,9.0
1251652,95.0,10.0,10.0,10.0,9.0,10.0,10.0
20068663,100.0,10.0,10.0,10.0,10.0,10.0,10.0
1763286,96.0,9.0,9.0,10.0,10.0,10.0,10.0
10967164,100.0,10.0,10.0,10.0,10.0,9.0,10.0
19931115,93.0,10.0,10.0,10.0,10.0,10.0,10.0
10387269,94.0,10.0,10.0,10.0,10.0,10.0,9.0
5732984,99.0,10.0,10.0,10.0,10.0,10.0,10.0
16292053,85.0,8.0,9.0,9.0,9.0,9.0,8.0
14192994,89.0,9.0,9.0,10.0,10.0,10.0,9.0
12899329,97.0,10.0,10.0,10.0,10.0,10.0,10.0
9695590,84.0,9.0,9.0,9.0,9.0,9.0,9.0
930966,94.0,9.0,10.0,10.0,10.0,10.0,9.0
6916065,90.0,9.0,9.0,9.0,9.0,9.0,9.0
8080654,99.0,10.0,10.0,10.0,10.0,10.0,10.0
21010237,100.0,10.0,10.0,10.0,10.0,10.0,10.0
14308199,100.0,10.0,10.0,10.0,10.0,10.0,10.0
18280065,89.0,9.0,9.0,9.0,9.0,9.0,8.0
2022387,94.0,10.0,10.0,10.0,10.0,9.0,9.0
11358016,97.0,10.0,9.0,10.0,10.0,10.0,10.0
5215597,91.0,9.0,10.0,9.0,9.0,10.0,9.0
16257353,77.0,10.0,9.0,10.0,10.0,9.0,8.0
17049976,90.0,9.0,9.0,10.0,10.0,10.0,9.0
20418014,100.0,10.0,10.0,8.0,10.0,10.0,10.0
14619874,100.0,10.0,10.0,10.0,10.0,9.0,9.0
16305441,95.0,10.0,10.0,10.0,10.0,10.0,8.0
19384281,100.0,10.0,10.0,10.0,10.0,10.0,10.0
17511622,90.0,9.0,10.0,10.0,10.0,10.0,9.0
1548267,96.0,9.0,10.0,10.0,10.0,9.0,9.0
13653816,97.0,10.0,10.0,10.0,10.0,10.0,9.0
3781762,94.0,10.0,10.0,10.0,10.0,10.0,9.0
1163211,97.0,10.0,10.0,10.0,10.0,9.0,9.0
19314119,87.0,10.0,9.0,9.0,9.0,10.0,9.0
18861098,96.0,10.0,10.0,10.0,10.0,10.0,10.0
2423490,86.0,9.0,10.0,9.0,9.0,9.0,9.0
14396253,91.0,10.0,9.0,10.0,10.0,10.0,9.0
13988213,98.0,10.0,10.0,10.0,10.0,10.0,10.0
14273167,100.0,10.0,10.0,10.0,10.0,10.0,10.0
18649013,90.0,10.0,10.0,9.0,10.0,9.0,9.0
5805074,100.0,10.0,10.0,10.0,10.0,10.0,9.0
1706604,98.0,10.0,10.0,10.0,10.0,10.0,9.0
14024361,97.0,10.0,10.0,10.0,10.0,10.0,10.0
6534809,87.0,10.0,10.0,10.0,10.0,10.0,9.0
17615983,90.0,10.0,9.0,9.0,9.0,10.0,9.0
19235914,100.0,10.0,10.0,10.0,10.0,10.0,9.0
13821866,100.0,10.0,10.0,10.0,10.0,10.0,10.0
17612415,80.0,10.0,10.0,10.0,10.0,8.0,6.0
15145431,87.0,9.0,9.0,9.0,9.0,9.0,9.0
19707790,80.0,10.0,6.0,10.0,10.0,10.0,8.0
11042449,96.0,10.0,10.0,10.0,10.0,10.0,9.0
16906083,96.0,10.0,10.0,10.0,10.0,10.0,10.0
10896565,96.0,10.0,10.0,10.0,10.0,10.0,10.0
19261251,85.0,10.0,10.0,9.0,8.0,10.0,10.0
12832764,100.0,10.0,10.0,10.0,10.0,10.0,10.0
19324890,100.0,10.0,10.0,10.0,10.0,10.0,10.0
14216218,100.0,10.0,10.0,10.0,10.0,10.0,10.0
4355879,78.0,8.0,8.0,9.0,9.0,9.0,8.0
16697830,95.0,10.0,10.0,10.0,10.0,10.0,10.0
17475388,100.0,10.0,10.0,10.0,10.0,10.0,10.0
1273891,100.0,10.0,10.0,10.0,10.0,10.0,10.0
15199050,100.0,10.0,10.0,10.0,10.0,10.0,10.0
19583149,100.0,10.0,10.0,10.0,10.0,10.0,10.0
9211640,89.0,10.0,9.0,10.0,9.0,10.0,9.0
9836677,92.0,10.0,10.0,10.0,9.0,10.0,10.0
13737710,100.0,10.0,10.0,10.0,10.0,10.0,10.0
6681419,100.0,10.0,10.0,10.0,10.0,10.0,10.0
5559893,100.0,10.0,10.0,10.0,10.0,10.0,10.0
11291369,100.0,10.0,10.0,9.0,10.0,10.0,9.0
2148059,94.0,10.0,10.0,10.0,10.0,10.0,9.0
17587125,94.0,10.0,10.0,10.0,10.0,10.0,9.0
20735907,100.0,10.0,10.0,10.0,10.0,10.0,10.0
9089551,80.0,8.0,7.0,8.0,7.0,10.0,8.0
10393057,100.0,10.0,9.0,10.0,10.0,10.0,10.0
14494236,71.0,8.0,7.0,7.0,8.0,6.0,8.0
11255039,97.0,10.0,10.0,10.0,10.0,10.0,10.0
19449753,60.0,6.0,6.0,8.0,6.0,8.0,6.0
11300923,93.0,10.0,10.0,10.0,10.0,10.0,9.0
10377339,95.0,10.0,10.0,10.0,10.0,10.0,9.0
3856675,80.0,9.0,9.0,8.0,8.0,9.0,9.0
7493033,100.0,10.0,8.0,10.0,10.0,8.0,10.0
16291892,84.0,8.0,9.0,10.0,9.0,10.0,9.0
11457869,100.0,10.0,8.0,10.0,10.0,10.0,8.0
13521572,93.0,10.0,9.0,10.0,10.0,9.0,9.0
510939,97.0,10.0,9.0,10.0,10.0,9.0,9.0
11833124,93.0,10.0,9.0,10.0,10.0,10.0,9.0
12949765,98.0,10.0,10.0,10.0,10.0,9.0,9.0
5635077,83.0,9.0,8.0,9.0,9.0,9.0,9.0
18633222,100.0,10.0,10.0,10.0,10.0,10.0,10.0
18137042,100.0,10.0,10.0,10.0,10.0,10.0,10.0
17692621,100.0,10.0,10.0,10.0,10.0,10.0,10.0
11981313,90.0,9.0,9.0,10.0,10.0,10.0,8.0
5431049,98.0,10.0,9.0,10.0,10.0,10.0,10.0
666703,89.0,9.0,8.0,10.0,10.0,10.0,9.0
13720965,98.0,10.0,10.0,10.0,10.0,10.0,9.0
13785087,87.0,9.0,10.0,9.0,9.0,9.0,9.0
14600214,98.0,10.0,10.0,10.0,10.0,10.0,10.0
8968479,92.0,9.0,9.0,10.0,10.0,9.0,9.0
838324,90.0,9.0,6.0,10.0,10.0,10.0,7.0
15869970,100.0,10.0,8.0,10.0,8.0,10.0,8.0
6636742,92.0,10.0,9.0,9.0,10.0,9.0,9.0
21017015,100.0,10.0,10.0,10.0,10.0,9.0,10.0
10651732,94.0,10.0,10.0,10.0,10.0,10.0,10.0
973014,94.0,9.0,9.0,10.0,10.0,9.0,8.0
6557490,91.0,10.0,9.0,10.0,9.0,9.0,9.0
14894212,91.0,9.0,10.0,10.0,10.0,10.0,9.0
20584472,100.0,10.0,10.0,10.0,10.0,10.0,10.0
19707681,96.0,9.0,8.0,10.0,10.0,10.0,10.0
3007630,92.0,9.0,9.0,9.0,10.0,9.0,9.0
6152024,96.0,10.0,9.0,10.0,10.0,10.0,10.0
16865565,91.0,9.0,9.0,10.0,10.0,9.0,9.0
14624674,80.0,10.0,8.0,10.0,10.0,10.0,10.0
14782887,91.0,9.0,9.0,9.0,9.0,10.0,9.0
2651593,70.0,6.0,9.0,6.0,6.0,9.0,6.0
1872392,94.0,9.0,9.0,10.0,10.0,9.0,9.0
19572420,96.0,10.0,10.0,10.0,10.0,9.0,9.0
1702148,91.0,8.0,9.0,10.0,10.0,9.0,9.0
15283762,94.0,10.0,10.0,10.0,10.0,10.0,10.0
2077242,96.0,10.0,10.0,10.0,10.0,10.0,9.0
17492180,100.0,10.0,10.0,10.0,10.0,10.0,10.0
3948265,98.0,10.0,10.0,10.0,10.0,10.0,10.0
13114809,60.0,7.0,6.0,9.0,8.0,7.0,7.0
7845088,60.0,10.0,6.0,10.0,6.0,4.0,5.0
766186,98.0,10.0,10.0,10.0,10.0,9.0,9.0
13249954,73.0,7.0,7.0,9.0,8.0,9.0,7.0
20207925,100.0,10.0,10.0,10.0,10.0,10.0,10.0
13448631,96.0,10.0,10.0,10.0,10.0,10.0,10.0
21607076,100.0,10.0,10.0,10.0,10.0,10.0,10.0
16412040,80.0,10.0,8.0,6.0,6.0,9.0,9.0
7497697,95.0,10.0,10.0,10.0,10.0,10.0,9.0
10023698,94.0,9.0,9.0,10.0,10.0,10.0,9.0
2355220,92.0,10.0,8.0,10.0,10.0,10.0,10.0
4303715,93.0,10.0,9.0,10.0,10.0,10.0,9.0
19886422,100.0,10.0,10.0,10.0,10.0,9.0,9.0
17784058,96.0,10.0,10.0,10.0,10.0,9.0,10.0
8138001,96.0,9.0,10.0,9.0,10.0,10.0,9.0
8436057,99.0,10.0,10.0,10.0,10.0,10.0,10.0
15186283,95.0,10.0,10.0,9.0,10.0,10.0,10.0
6324829,90.0,10.0,9.0,10.0,10.0,9.0,9.0
15093720,92.0,10.0,9.0,10.0,10.0,10.0,9.0
17615951,99.0,10.0,10.0,10.0,10.0,10.0,10.0
9768931,100.0,10.0,10.0,10.0,10.0,10.0,10.0
627592,94.0,10.0,9.0,10.0,10.0,9.0,9.0
13216631,97.0,10.0,8.0,10.0,10.0,10.0,9.0
21251812,100.0,10.0,10.0,10.0,10.0,10.0,10.0
20991745,100.0,10.0,8.0,10.0,10.0,8.0,10.0
17362055,97.0,10.0,10.0,10.0,10.0,10.0,10.0
8147327,100.0,10.0,10.0,10.0,9.0,10.0,10.0
6577220,98.0,10.0,10.0,10.0,10.0,10.0,10.0
1171169,97.0,10.0,9.0,10.0,10.0,9.0,9.0
8479304,90.0,10.0,10.0,10.0,10.0,9.0,9.0
14571441,96.0,10.0,10.0,10.0,10.0,10.0,9.0
16349538,100.0,10.0,10.0,10.0,10.0,10.0,9.0
2501082,100.0,10.0,10.0,10.0,10.0,10.0,10.0
6829050,93.0,10.0,10.0,10.0,10.0,10.0,10.0
13341450,89.0,10.0,9.0,10.0,10.0,9.0,9.0
15249045,86.0,9.0,8.0,9.0,9.0,10.0,9.0
19960091,93.0,10.0,10.0,10.0,10.0,10.0,10.0
14794024,91.0,9.0,8.0,10.0,10.0,10.0,10.0
18484318,100.0,10.0,10.0,10.0,10.0,10.0,10.0
15640465,88.0,9.0,9.0,9.0,9.0,10.0,9.0
18553433,94.0,9.0,10.0,10.0,10.0,10.0,9.0
16176504,97.0,10.0,10.0,10.0,10.0,10.0,10.0
20019981,100.0,10.0,10.0,10.0,10.0,10.0,10.0
610738,80.0,9.0,8.0,9.0,9.0,9.0,8.0
595273,92.0,9.0,9.0,10.0,10.0,9.0,9.0
7847916,100.0,10.0,10.0,10.0,10.0,10.0,10.0
10155127,97.0,10.0,10.0,10.0,10.0,10.0,10.0
8890591,90.0,9.0,9.0,10.0,10.0,9.0,9.0
741176,88.0,9.0,10.0,9.0,9.0,9.0,9.0
17084159,97.0,10.0,9.0,10.0,10.0,10.0,10.0
16144248,97.0,10.0,9.0,9.0,10.0,9.0,10.0
17845523,98.0,10.0,9.0,10.0,9.0,9.0,9.0
4887567,96.0,10.0,10.0,10.0,10.0,10.0,10.0
21598587,100.0,10.0,10.0,10.0,10.0,10.0,10.0
16919408,96.0,10.0,10.0,10.0,10.0,10.0,9.0
21257388,73.0,9.0,6.0,9.0,9.0,9.0,9.0
11230899,100.0,10.0,9.0,10.0,10.0,10.0,10.0
3087183,96.0,10.0,10.0,10.0,10.0,9.0,9.0
21329835,80.0,8.0,10.0,10.0,10.0,8.0,8.0
12750145,100.0,9.0,10.0,10.0,10.0,10.0,10.0
13504446,91.0,10.0,9.0,10.0,10.0,10.0,9.0
16841577,96.0,9.0,10.0,9.0,10.0,10.0,9.0
20304715,93.0,10.0,10.0,10.0,10.0,10.0,10.0
11351174,91.0,9.0,9.0,10.0,10.0,10.0,10.0
6289536,96.0,10.0,10.0,10.0,10.0,10.0,10.0
19110678,100.0,10.0,10.0,10.0,10.0,10.0,10.0
1143444,95.0,9.0,9.0,10.0,10.0,9.0,9.0
16334226,100.0,10.0,10.0,10.0,10.0,10.0,10.0
13863214,92.0,10.0,8.0,10.0,10.0,10.0,10.0
17666460,100.0,10.0,10.0,10.0,10.0,10.0,10.0
16722837,100.0,10.0,10.0,10.0,10.0,10.0,10.0
20798663,84.0,9.0,9.0,10.0,10.0,9.0,9.0
16173319,73.0,9.0,8.0,8.0,8.0,9.0,7.0
7632418,95.0,10.0,9.0,10.0,10.0,10.0,9.0
19527328,100.0,10.0,10.0,10.0,10.0,10.0,8.0
3035993,97.0,10.0,10.0,10.0,10.0,10.0,9.0
4158583,90.0,9.0,8.0,10.0,10.0,10.0,9.0
11868539,80.0,9.0,8.0,9.0,9.0,8.0,9.0
16699150,94.0,10.0,10.0,10.0,10.0,10.0,9.0
4566512,94.0,9.0,10.0,9.0,10.0,9.0,9.0
16459958,80.0,8.0,8.0,9.0,8.0,9.0,8.0
5437139,97.0,10.0,10.0,10.0,10.0,10.0,9.0
1277078,98.0,10.0,10.0,10.0,10.0,10.0,9.0
2577285,92.0,9.0,9.0,10.0,10.0,9.0,9.0
16546017,92.0,9.0,10.0,10.0,10.0,10.0,10.0
12457924,95.0,10.0,10.0,10.0,10.0,10.0,9.0
1904040,97.0,10.0,10.0,10.0,10.0,9.0,9.0
1522397,90.0,9.0,10.0,9.0,9.0,10.0,9.0
5860100,88.0,10.0,9.0,10.0,10.0,9.0,9.0
13195516,95.0,10.0,9.0,10.0,10.0,10.0,9.0
13759520,93.0,10.0,10.0,10.0,9.0,10.0,9.0
17853297,96.0,9.0,10.0,9.0,10.0,10.0,9.0
6638070,88.0,9.0,9.0,9.0,9.0,9.0,9.0
10563774,80.0,10.0,9.0,10.0,9.0,10.0,8.0
19264423,100.0,10.0,10.0,10.0,10.0,10.0,10.0
16184269,100.0,10.0,10.0,10.0,10.0,10.0,10.0
1235349,73.0,9.0,9.0,8.0,7.0,10.0,9.0
19322207,93.0,10.0,8.0,10.0,9.0,9.0,9.0
2772562,96.0,10.0,10.0,10.0,9.0,10.0,9.0
6754751,100.0,10.0,10.0,10.0,10.0,10.0,10.0
4843428,97.0,10.0,10.0,10.0,10.0,10.0,9.0
703782,96.0,9.0,9.0,9.0,9.0,10.0,9.0
13277707,100.0,10.0,10.0,10.0,10.0,9.0,9.0
3600377,94.0,10.0,9.0,9.0,10.0,9.0,9.0
1674323,100.0,10.0,10.0,10.0,10.0,10.0,8.0
13137583,96.0,10.0,9.0,10.0,9.0,10.0,9.0
4699662,100.0,10.0,8.0,10.0,10.0,10.0,10.0
7880561,100.0,10.0,10.0,10.0,10.0,10.0,10.0
16247855,90.0,10.0,9.0,10.0,10.0,10.0,9.0
4370074,97.0,9.0,10.0,10.0,10.0,10.0,10.0
4239502,89.0,9.0,9.0,9.0,9.0,10.0,10.0
9857550,86.0,9.0,9.0,9.0,8.0,10.0,9.0
3483912,87.0,9.0,9.0,9.0,8.0,10.0,9.0
20690361,100.0,10.0,10.0,10.0,10.0,10.0,10.0
9152709,97.0,10.0,9.0,10.0,10.0,10.0,10.0
13487129,100.0,10.0,10.0,10.0,10.0,10.0,10.0
17745799,94.0,10.0,10.0,10.0,9.0,10.0,9.0
14921478,100.0,10.0,10.0,10.0,10.0,10.0,9.0
15543501,100.0,10.0,10.0,10.0,10.0,10.0,10.0
17510328,100.0,10.0,10.0,10.0,10.0,10.0,8.0
6253026,89.0,9.0,9.0,9.0,10.0,9.0,9.0
14957240,100.0,10.0,10.0,9.0,10.0,10.0,10.0
18902924,98.0,10.0,10.0,10.0,10.0,10.0,10.0
7428629,97.0,10.0,10.0,10.0,10.0,10.0,9.0
14417363,94.0,10.0,10.0,10.0,10.0,10.0,9.0
15610110,80.0,10.0,10.0,10.0,10.0,10.0,10.0
19773185,100.0,10.0,10.0,10.0,10.0,10.0,10.0
14167035,96.0,10.0,10.0,10.0,10.0,10.0,9.0
2214021,94.0,10.0,10.0,10.0,10.0,10.0,9.0
16529402,91.0,10.0,9.0,10.0,10.0,10.0,10.0
13387622,100.0,10.0,10.0,10.0,10.0,10.0,10.0
15840029,94.0,9.0,10.0,10.0,10.0,10.0,9.0
6826162,100.0,9.0,9.0,9.0,9.0,9.0,9.0
6821158,95.0,10.0,10.0,10.0,10.0,10.0,10.0
10950183,93.0,9.0,9.0,10.0,10.0,10.0,9.0
13500378,100.0,10.0,10.0,10.0,10.0,10.0,10.0
19196479,80.0,8.0,8.0,10.0,8.0,10.0,10.0
21124055,100.0,10.0,10.0,10.0,10.0,10.0,10.0
13645837,60.0,10.0,6.0,10.0,8.0,10.0,8.0
20313853,90.0,10.0,10.0,10.0,10.0,10.0,9.0
6863855,100.0,10.0,10.0,10.0,10.0,10.0,10.0
5157472,96.0,9.0,9.0,10.0,9.0,9.0,9.0
5451204,100.0,10.0,10.0,10.0,10.0,10.0,10.0
13966397,97.0,10.0,10.0,10.0,10.0,10.0,10.0
9273142,100.0,10.0,10.0,10.0,10.0,10.0,10.0
11061286,100.0,10.0,10.0,10.0,10.0,10.0,10.0
13876635,100.0,10.0,8.0,10.0,10.0,10.0,10.0
7289094,100.0,10.0,10.0,10.0,10.0,10.0,10.0
4602650,90.0,8.0,9.0,9.0,10.0,9.0,9.0
12435259,100.0,10.0,10.0,10.0,10.0,10.0,10.0
16840460,80.0,10.0,10.0,10.0,10.0,8.0,10.0
5228516,97.0,10.0,10.0,10.0,10.0,10.0,10.0
4442458,95.0,10.0,10.0,10.0,10.0,10.0,10.0
7410335,93.0,10.0,9.0,10.0,10.0,9.0,10.0
4894214,95.0,10.0,9.0,9.0,9.0,10.0,9.0
11586478,95.0,10.0,9.0,10.0,10.0,10.0,10.0
13366802,80.0,10.0,10.0,8.0,10.0,10.0,8.0
13373613,80.0,6.0,8.0,6.0,10.0,8.0,8.0
5896125,100.0,10.0,10.0,10.0,10.0,10.0,10.0
16525323,87.0,7.0,9.0,9.0,9.0,7.0,7.0
12251387,80.0,8.0,8.0,8.0,10.0,8.0,8.0
12032010,85.0,10.0,8.0,10.0,9.0,9.0,9.0
4592695,88.0,9.0,9.0,10.0,10.0,9.0,8.0
18868249,100.0,10.0,10.0,10.0,10.0,10.0,10.0
1909948,94.0,10.0,10.0,10.0,10.0,9.0,9.0
18100131,100.0,10.0,9.0,10.0,10.0,10.0,8.0
647112,98.0,9.0,10.0,9.0,9.0,10.0,9.0
19113305,100.0,10.0,10.0,10.0,10.0,10.0,8.0
14478819,96.0,10.0,9.0,10.0,10.0,10.0,9.0
16328782,100.0,10.0,10.0,10.0,10.0,10.0,10.0
13841122,100.0,10.0,10.0,10.0,10.0,10.0,10.0
6159847,100.0,10.0,10.0,10.0,10.0,10.0,10.0
2539227,90.0,10.0,10.0,10.0,10.0,10.0,10.0
15641749,80.0,8.0,8.0,10.0,10.0,10.0,6.0
2747596,95.0,10.0,9.0,10.0,10.0,10.0,10.0
15309599,100.0,10.0,9.0,10.0,10.0,10.0,10.0
13260560,97.0,10.0,10.0,9.0,9.0,9.0,10.0
14745094,97.0,10.0,10.0,10.0,10.0,10.0,10.0
20280243,100.0,9.0,10.0,10.0,10.0,10.0,9.0
14233292,95.0,10.0,10.0,10.0,10.0,10.0,9.0
16625522,80.0,8.0,8.0,8.0,10.0,6.0,8.0
800449,88.0,10.0,10.0,9.0,9.0,9.0,8.0
3934582,93.0,9.0,9.0,9.0,9.0,10.0,9.0
17985945,85.0,9.0,9.0,8.0,9.0,9.0,8.0
13381960,90.0,9.0,9.0,9.0,9.0,9.0,9.0
11547188,85.0,10.0,10.0,10.0,10.0,9.0,9.0
18721963,100.0,9.0,9.0,10.0,10.0,10.0,10.0
18488111,99.0,10.0,10.0,10.0,10.0,10.0,10.0
20717103,96.0,9.0,9.0,10.0,10.0,8.0,9.0
7450908,100.0,10.0,10.0,10.0,10.0,10.0,10.0
2675703,98.0,10.0,10.0,10.0,10.0,10.0,10.0
20089263,90.0,10.0,9.0,10.0,10.0,10.0,9.0
12733226,93.0,9.0,10.0,9.0,10.0,10.0,9.0
14296773,93.0,10.0,9.0,10.0,10.0,10.0,9.0
16449089,94.0,9.0,9.0,10.0,10.0,9.0,10.0
2435167,94.0,10.0,9.0,10.0,10.0,10.0,10.0
19195733,100.0,10.0,10.0,10.0,10.0,10.0,10.0
20064834,91.0,10.0,9.0,10.0,10.0,10.0,10.0
16329485,100.0,10.0,10.0,9.0,10.0,8.0,10.0
20064714,100.0,10.0,10.0,10.0,10.0,10.0,10.0
20246325,95.0,10.0,10.0,10.0,10.0,10.0,10.0
13371906,100.0,10.0,10.0,10.0,10.0,9.0,10.0
5421086,92.0,9.0,9.0,10.0,10.0,10.0,9.0
18385060,93.0,9.0,8.0,10.0,10.0,10.0,9.0
13374880,97.0,10.0,10.0,10.0,10.0,10.0,10.0
19654914,96.0,10.0,10.0,10.0,10.0,10.0,10.0
639628,88.0,9.0,9.0,10.0,10.0,9.0,9.0
19844397,94.0,10.0,9.0,10.0,10.0,10.0,9.0
20059534,100.0,10.0,10.0,10.0,10.0,10.0,10.0
969030,84.0,9.0,8.0,9.0,9.0,9.0,8.0
1770292,98.0,10.0,10.0,10.0,10.0,9.0,9.0
6268960,85.0,9.0,9.0,9.0,9.0,9.0,9.0
2580182,93.0,10.0,8.0,10.0,10.0,10.0,9.0
8007732,90.0,10.0,7.0,10.0,10.0,9.0,9.0
13800916,100.0,10.0,10.0,10.0,10.0,10.0,10.0
4975109,100.0,10.0,9.0,10.0,10.0,10.0,10.0
10729350,95.0,9.0,10.0,10.0,9.0,9.0,9.0
7796415,92.0,10.0,10.0,10.0,10.0,10.0,9.0
957010,91.0,9.0,9.0,10.0,10.0,9.0,9.0
13995424,92.0,9.0,9.0,9.0,9.0,10.0,10.0
12638727,100.0,10.0,10.0,10.0,10.0,10.0,10.0
7419263,93.0,9.0,8.0,9.0,9.0,9.0,9.0
3552220,100.0,10.0,10.0,10.0,10.0,10.0,10.0
2378701,98.0,10.0,10.0,10.0,10.0,9.0,10.0
1743571,97.0,10.0,10.0,10.0,10.0,10.0,10.0
12929320,94.0,9.0,10.0,10.0,10.0,8.0,10.0
6908920,97.0,10.0,10.0,10.0,10.0,10.0,9.0
16715329,92.0,9.0,9.0,10.0,10.0,10.0,10.0
14158355,96.0,10.0,10.0,10.0,10.0,9.0,9.0
20473908,100.0,9.0,10.0,9.0,10.0,10.0,10.0
13543594,89.0,9.0,9.0,10.0,10.0,10.0,9.0
10467839,97.0,10.0,10.0,10.0,10.0,9.0,10.0
5066448,96.0,10.0,10.0,10.0,10.0,10.0,10.0
13149503,100.0,10.0,10.0,10.0,10.0,10.0,9.0
9344624,98.0,10.0,10.0,10.0,10.0,10.0,10.0
9752050,96.0,10.0,10.0,10.0,10.0,10.0,10.0
18679748,80.0,10.0,9.0,9.0,8.0,10.0,9.0
6160183,94.0,10.0,10.0,10.0,10.0,10.0,9.0
18225991,93.0,10.0,10.0,10.0,10.0,10.0,9.0
15527127,99.0,10.0,10.0,10.0,10.0,10.0,10.0
14078515,91.0,9.0,9.0,9.0,9.0,9.0,9.0
18051835,98.0,10.0,10.0,10.0,10.0,10.0,10.0
4822129,80.0,8.0,8.0,9.0,9.0,9.0,9.0
194110,90.0,9.0,9.0,9.0,9.0,10.0,9.0
18725946,91.0,9.0,9.0,10.0,10.0,10.0,10.0
16257749,88.0,10.0,10.0,10.0,10.0,10.0,9.0
15076689,60.0,8.0,10.0,8.0,10.0,10.0,4.0
20778320,100.0,10.0,10.0,10.0,10.0,9.0,9.0
14719477,80.0,8.0,8.0,10.0,10.0,10.0,8.0
4767038,88.0,9.0,9.0,10.0,10.0,9.0,9.0
20191849,100.0,10.0,10.0,10.0,10.0,10.0,10.0
17312422,97.0,10.0,10.0,10.0,10.0,10.0,9.0
16199915,98.0,10.0,10.0,10.0,10.0,10.0,9.0
7912286,87.0,9.0,9.0,10.0,10.0,9.0,9.0
7861321,96.0,10.0,10.0,10.0,10.0,10.0,9.0
6616497,89.0,9.0,9.0,10.0,9.0,10.0,9.0
13489673,87.0,9.0,9.0,9.0,9.0,10.0,8.0
5517400,91.0,10.0,9.0,9.0,9.0,9.0,9.0
17691025,93.0,10.0,9.0,9.0,10.0,10.0,10.0
3248206,92.0,9.0,9.0,10.0,10.0,10.0,9.0
11318272,86.0,9.0,9.0,9.0,9.0,9.0,9.0
19851270,95.0,10.0,10.0,10.0,10.0,10.0,10.0
12330091,100.0,10.0,10.0,10.0,10.0,10.0,10.0
9149503,97.0,10.0,9.0,10.0,10.0,10.0,10.0
14786231,92.0,10.0,9.0,10.0,10.0,10.0,9.0
4800043,100.0,10.0,10.0,10.0,10.0,10.0,10.0
17600806,100.0,10.0,10.0,10.0,10.0,10.0,10.0
738903,89.0,9.0,9.0,9.0,9.0,9.0,9.0
19598493,100.0,10.0,10.0,10.0,10.0,10.0,10.0
21604441,100.0,10.0,10.0,10.0,10.0,10.0,10.0
6457676,94.0,10.0,9.0,10.0,10.0,10.0,10.0
21024162,100.0,10.0,10.0,10.0,10.0,10.0,10.0
17545071,94.0,10.0,10.0,10.0,10.0,9.0,9.0
16790226,80.0,10.0,10.0,10.0,10.0,10.0,8.0
20150163,80.0,10.0,10.0,10.0,10.0,10.0,10.0
1503253,91.0,10.0,10.0,10.0,10.0,9.0,9.0
10426743,93.0,10.0,10.0,10.0,10.0,9.0,9.0
19408500,100.0,10.0,10.0,9.0,10.0,10.0,9.0
20149208,100.0,10.0,10.0,10.0,10.0,10.0,10.0
751882,85.0,9.0,8.0,9.0,9.0,10.0,9.0
1143203,96.0,10.0,9.0,10.0,10.0,9.0,10.0
20700772,100.0,10.0,10.0,10.0,10.0,10.0,10.0
5003496,89.0,10.0,9.0,9.0,9.0,10.0,9.0
7217925,93.0,10.0,10.0,10.0,10.0,9.0,9.0
20844853,100.0,10.0,10.0,10.0,10.0,10.0,10.0
19382028,93.0,9.0,9.0,10.0,10.0,10.0,9.0
10351036,92.0,10.0,10.0,10.0,10.0,9.0,9.0
5247146,88.0,9.0,9.0,9.0,9.0,10.0,9.0
13948937,97.0,10.0,9.0,10.0,10.0,10.0,9.0
16928311,100.0,10.0,10.0,9.0,10.0,9.0,9.0
7297517,87.0,10.0,9.0,10.0,10.0,10.0,9.0
20219788,100.0,10.0,10.0,10.0,10.0,10.0,10.0
790975,96.0,9.0,10.0,10.0,10.0,10.0,10.0
18644159,100.0,10.0,10.0,9.0,10.0,10.0,10.0
2452737,96.0,10.0,10.0,10.0,10.0,10.0,10.0
5820421,100.0,10.0,10.0,10.0,10.0,10.0,10.0
5913803,96.0,10.0,10.0,10.0,10.0,10.0,9.0
6433175,85.0,8.0,8.0,10.0,10.0,10.0,9.0
6548263,88.0,10.0,9.0,9.0,10.0,10.0,9.0
7117459,87.0,10.0,9.0,10.0,9.0,10.0,9.0
7476430,100.0,10.0,10.0,10.0,10.0,10.0,10.0
7514157,94.0,10.0,10.0,9.0,10.0,9.0,9.0
7794187,82.0,9.0,8.0,10.0,10.0,10.0,8.0
8002998,100.0,10.0,10.0,10.0,10.0,10.0,10.0
8842386,80.0,8.0,10.0,8.0,10.0,8.0,10.0
8895997,100.0,10.0,10.0,10.0,10.0,10.0,10.0
10131975,100.0,10.0,10.0,10.0,10.0,10.0,10.0
10583764,80.0,10.0,10.0,8.0,10.0,10.0,8.0
10917045,80.0,10.0,10.0,10.0,10.0,8.0,8.0
11377087,87.0,9.0,10.0,9.0,10.0,10.0,8.0
11464940,100.0,10.0,10.0,10.0,10.0,10.0,10.0
12125091,100.0,10.0,10.0,10.0,10.0,10.0,10.0
12332719,100.0,10.0,10.0,10.0,10.0,10.0,10.0
12422220,93.0,10.0,9.0,10.0,10.0,10.0,9.0
12941391,80.0,8.0,10.0,7.0,8.0,10.0,8.0
13473872,89.0,10.0,9.0,10.0,10.0,10.0,9.0
13548485,73.0,9.0,9.0,9.0,8.0,9.0,7.0
14025716,100.0,8.0,8.0,10.0,10.0,10.0,10.0
14253484,60.0,4.0,10.0,4.0,8.0,6.0,4.0
15136624,93.0,10.0,9.0,10.0,10.0,10.0,9.0
15447702,100.0,10.0,9.0,10.0,10.0,10.0,10.0
15761894,100.0,10.0,10.0,10.0,10.0,10.0,10.0
18868868,100.0,10.0,10.0,10.0,10.0,10.0,10.0
18954397,100.0,10.0,10.0,10.0,10.0,9.0,10.0
19450437,93.0,10.0,9.0,9.0,9.0,10.0,9.0
20518980,100.0,10.0,10.0,10.0,10.0,10.0,10.0
21317640,100.0,10.0,9.0,10.0,10.0,10.0,9.0
21479470,100.0,10.0,10.0,10.0,10.0,10.0,10.0
20709398,90.0,10.0,10.0,10.0,9.0,6.0,8.0
4272320,80.0,8.0,9.0,9.0,9.0,9.0,9.0
18259982,95.0,10.0,10.0,10.0,10.0,10.0,9.0
1434966,91.0,10.0,9.0,10.0,10.0,10.0,9.0
13811754,90.0,9.0,10.0,10.0,10.0,10.0,10.0
20439064,100.0,10.0,10.0,10.0,10.0,10.0,10.0
15745072,100.0,10.0,10.0,10.0,10.0,10.0,9.0
11157510,91.0,9.0,10.0,10.0,10.0,9.0,9.0
20452773,86.0,9.0,8.0,9.0,9.0,10.0,9.0
16769081,91.0,10.0,9.0,10.0,10.0,10.0,9.0
16285767,95.0,10.0,10.0,10.0,10.0,9.0,10.0
3850269,94.0,10.0,10.0,10.0,10.0,10.0,9.0
2515007,96.0,10.0,10.0,10.0,10.0,10.0,9.0
2793549,87.0,9.0,8.0,10.0,10.0,9.0,9.0
1667085,90.0,10.0,9.0,10.0,10.0,9.0,9.0
11157603,92.0,10.0,10.0,10.0,10.0,9.0,9.0
1933385,95.0,10.0,10.0,10.0,10.0,10.0,9.0
18333789,96.0,10.0,10.0,10.0,10.0,9.0,9.0
5177438,97.0,10.0,9.0,10.0,10.0,10.0,9.0
7618665,100.0,10.0,10.0,10.0,10.0,10.0,10.0
4661355,84.0,9.0,8.0,9.0,9.0,9.0,8.0
5369874,100.0,10.0,10.0,10.0,10.0,10.0,10.0
1597541,97.0,10.0,9.0,10.0,10.0,10.0,10.0
20742254,100.0,10.0,10.0,10.0,10.0,10.0,9.0
21176431,100.0,8.0,9.0,10.0,10.0,10.0,9.0
1609420,93.0,10.0,10.0,9.0,9.0,9.0,9.0
13410418,96.0,9.0,9.0,10.0,10.0,9.0,9.0
6512753,88.0,10.0,10.0,10.0,9.0,10.0,9.0
12378230,100.0,4.0,10.0,10.0,10.0,10.0,10.0
19341453,91.0,10.0,10.0,10.0,10.0,9.0,9.0
14770329,96.0,10.0,10.0,10.0,10.0,9.0,9.0
2154782,87.0,8.0,9.0,10.0,10.0,10.0,9.0
4899117,97.0,10.0,10.0,10.0,10.0,10.0,10.0
20578620,100.0,10.0,10.0,10.0,10.0,10.0,9.0
901420,89.0,9.0,9.0,10.0,10.0,9.0,9.0
966887,90.0,9.0,9.0,10.0,10.0,9.0,9.0
762183,85.0,9.0,9.0,9.0,9.0,10.0,8.0
13484377,100.0,10.0,10.0,10.0,10.0,10.0,10.0
8902030,92.0,10.0,9.0,10.0,10.0,10.0,9.0
7416695,92.0,10.0,9.0,10.0,10.0,9.0,9.0
16531834,80.0,9.0,8.0,9.0,9.0,9.0,9.0
11157899,95.0,10.0,10.0,10.0,10.0,10.0,10.0
7586171,82.0,9.0,8.0,8.0,9.0,9.0,8.0
13148561,97.0,10.0,10.0,10.0,10.0,10.0,9.0
16319774,92.0,10.0,10.0,10.0,10.0,10.0,9.0
14090723,91.0,10.0,9.0,9.0,9.0,10.0,9.0
20496904,84.0,9.0,8.0,9.0,9.0,8.0,8.0
3023376,90.0,10.0,9.0,9.0,9.0,9.0,10.0
16777745,94.0,9.0,9.0,9.0,10.0,9.0,9.0
7209502,100.0,10.0,10.0,10.0,10.0,10.0,10.0
9503270,100.0,10.0,10.0,10.0,10.0,10.0,9.0
20898348,100.0,10.0,10.0,10.0,10.0,10.0,10.0
12444212,100.0,10.0,10.0,9.0,10.0,9.0,10.0
15090234,40.0,2.0,5.0,6.0,5.0,6.0,5.0
1081909,96.0,10.0,10.0,10.0,10.0,9.0,9.0
21578330,80.0,10.0,10.0,10.0,8.0,10.0,10.0
4776520,93.0,10.0,10.0,10.0,10.0,9.0,9.0
10723937,100.0,10.0,8.0,10.0,10.0,8.0,10.0
11027038,92.0,9.0,10.0,10.0,9.0,10.0,10.0
17563754,97.0,10.0,10.0,10.0,10.0,10.0,9.0
19636864,100.0,10.0,10.0,10.0,10.0,9.0,10.0
10404499,94.0,9.0,9.0,9.0,10.0,10.0,9.0
4522610,89.0,9.0,9.0,9.0,9.0,9.0,9.0
13494304,93.0,10.0,10.0,10.0,10.0,10.0,10.0
11600546,100.0,10.0,9.0,10.0,10.0,10.0,10.0
6382244,100.0,10.0,10.0,10.0,10.0,10.0,10.0
19841737,60.0,4.0,10.0,10.0,10.0,6.0,4.0
12944103,100.0,10.0,10.0,10.0,6.0,10.0,6.0
20628217,93.0,10.0,10.0,10.0,10.0,10.0,10.0
2638557,98.0,10.0,10.0,10.0,10.0,10.0,10.0
19759887,98.0,10.0,10.0,10.0,10.0,10.0,10.0
9020187,96.0,10.0,10.0,10.0,10.0,10.0,10.0
14008227,99.0,10.0,10.0,10.0,10.0,10.0,10.0
16671522,100.0,10.0,10.0,10.0,10.0,10.0,10.0
15254322,95.0,10.0,9.0,10.0,10.0,10.0,9.0
7504725,90.0,8.0,8.0,8.0,8.0,8.0,7.0
6779024,90.0,10.0,10.0,10.0,9.0,10.0,8.0
12608347,95.0,10.0,9.0,10.0,10.0,10.0,9.0
13091699,89.0,10.0,9.0,10.0,10.0,10.0,9.0
15711038,100.0,10.0,10.0,10.0,10.0,10.0,9.0
15803261,100.0,10.0,10.0,10.0,10.0,10.0,10.0
4539283,93.0,10.0,9.0,9.0,9.0,10.0,9.0
5727138,92.0,10.0,10.0,10.0,10.0,10.0,9.0
4940707,96.0,10.0,10.0,9.0,10.0,10.0,9.0
7816118,100.0,10.0,10.0,10.0,10.0,10.0,10.0
12420017,87.0,10.0,9.0,10.0,10.0,9.0,9.0
19547079,100.0,10.0,8.0,10.0,10.0,10.0,10.0
2214480,91.0,9.0,9.0,10.0,10.0,9.0,9.0
17253352,100.0,8.0,10.0,10.0,10.0,10.0,10.0
21330770,100.0,10.0,10.0,10.0,10.0,10.0,9.0
15107051,100.0,10.0,10.0,10.0,10.0,10.0,10.0
754676,93.0,10.0,10.0,10.0,9.0,10.0,10.0
18514947,97.0,10.0,10.0,10.0,10.0,10.0,9.0
3384278,91.0,9.0,9.0,10.0,10.0,9.0,9.0
6034943,97.0,10.0,10.0,10.0,10.0,9.0,10.0
5137416,98.0,10.0,9.0,10.0,10.0,9.0,10.0
3572766,84.0,9.0,9.0,9.0,9.0,9.0,9.0
3548196,85.0,9.0,9.0,9.0,9.0,9.0,9.0
9430069,80.0,9.0,8.0,9.0,8.0,9.0,8.0
499894,80.0,9.0,7.0,9.0,9.0,10.0,9.0
11314250,90.0,10.0,9.0,10.0,9.0,10.0,9.0
12960835,86.0,9.0,10.0,9.0,9.0,10.0,9.0
5300201,100.0,10.0,10.0,10.0,10.0,9.0,10.0
6947927,95.0,10.0,10.0,10.0,10.0,10.0,10.0
18121835,86.0,9.0,9.0,10.0,9.0,10.0,9.0
18018494,91.0,9.0,9.0,9.0,9.0,10.0,9.0
19653757,100.0,10.0,10.0,10.0,10.0,10.0,10.0
640177,82.0,8.0,9.0,9.0,9.0,9.0,8.0
2536991,96.0,10.0,10.0,10.0,10.0,9.0,9.0
14050492,100.0,10.0,10.0,10.0,10.0,10.0,10.0
16385237,100.0,10.0,10.0,10.0,10.0,10.0,10.0
17728752,100.0,10.0,10.0,10.0,10.0,10.0,10.0
20159361,100.0,10.0,10.0,10.0,10.0,10.0,10.0
20129047,98.0,10.0,10.0,10.0,10.0,10.0,10.0
16821125,80.0,6.0,10.0,10.0,6.0,8.0,8.0
3188004,99.0,10.0,10.0,10.0,10.0,10.0,10.0
20161851,100.0,10.0,10.0,10.0,10.0,10.0,10.0
2630959,94.0,10.0,9.0,10.0,10.0,10.0,9.0
5924154,90.0,9.0,9.0,10.0,10.0,9.0,9.0
7193930,60.0,10.0,6.0,8.0,8.0,10.0,8.0
1721585,87.0,9.0,9.0,9.0,9.0,9.0,9.0
14009678,85.0,10.0,9.0,9.0,9.0,9.0,9.0
16893297,100.0,10.0,10.0,10.0,10.0,10.0,10.0
21185906,100.0,9.0,10.0,10.0,10.0,7.0,9.0
918900,94.0,10.0,10.0,10.0,10.0,9.0,9.0
15574372,89.0,9.0,9.0,9.0,9.0,9.0,9.0
11494790,100.0,10.0,10.0,10.0,10.0,10.0,10.0
8660375,89.0,9.0,9.0,10.0,10.0,10.0,9.0
19326366,84.0,8.0,8.0,10.0,10.0,9.0,8.0
12223913,96.0,10.0,10.0,10.0,10.0,9.0,10.0
14091972,93.0,10.0,9.0,10.0,10.0,10.0,10.0
14779831,98.0,10.0,10.0,10.0,10.0,10.0,10.0
566730,76.0,8.0,7.0,10.0,9.0,9.0,8.0
5400013,100.0,10.0,10.0,10.0,10.0,10.0,10.0
21251546,100.0,10.0,10.0,10.0,10.0,10.0,10.0
17589735,93.0,10.0,9.0,9.0,9.0,8.0,9.0
14370287,95.0,10.0,9.0,9.0,8.0,10.0,9.0
17073652,93.0,10.0,10.0,10.0,10.0,10.0,9.0
4793875,100.0,10.0,10.0,10.0,10.0,10.0,10.0
7235241,85.0,10.0,8.0,9.0,10.0,9.0,9.0
5998794,98.0,10.0,9.0,10.0,10.0,9.0,10.0
1288406,93.0,10.0,10.0,10.0,10.0,9.0,9.0
537856,87.0,10.0,10.0,10.0,9.0,9.0,9.0
914760,90.0,9.0,8.0,5.0,6.0,9.0,8.0
19917586,100.0,10.0,10.0,10.0,10.0,10.0,9.0
1821071,89.0,9.0,8.0,10.0,10.0,9.0,9.0
16034950,60.0,10.0,10.0,10.0,8.0,10.0,8.0
3476618,96.0,10.0,9.0,10.0,10.0,10.0,9.0
6113951,96.0,10.0,10.0,10.0,10.0,10.0,10.0
12430578,100.0,10.0,10.0,10.0,10.0,10.0,10.0
969981,100.0,10.0,10.0,10.0,10.0,10.0,10.0
8785349,92.0,9.0,10.0,10.0,9.0,9.0,9.0
626512,98.0,10.0,10.0,10.0,10.0,10.0,10.0
16199048,83.0,9.0,9.0,9.0,9.0,10.0,9.0
3993510,91.0,9.0,9.0,10.0,9.0,10.0,9.0
419842,91.0,10.0,9.0,10.0,10.0,9.0,10.0
13070520,100.0,10.0,10.0,10.0,10.0,9.0,9.0
18379542,100.0,10.0,10.0,10.0,10.0,10.0,10.0
13151131,95.0,10.0,10.0,10.0,8.0,10.0,10.0
4674252,85.0,9.0,10.0,8.0,9.0,9.0,9.0
17411533,97.0,10.0,10.0,10.0,10.0,10.0,10.0
2777113,93.0,10.0,10.0,10.0,10.0,10.0,9.0
18576349,98.0,10.0,10.0,10.0,10.0,10.0,10.0
9420290,100.0,10.0,10.0,10.0,10.0,10.0,10.0
712592,80.0,10.0,10.0,10.0,10.0,10.0,10.0
17675320,90.0,9.0,10.0,10.0,9.0,9.0,10.0
4393612,92.0,10.0,9.0,10.0,10.0,9.0,9.0
14734999,99.0,10.0,10.0,10.0,10.0,9.0,9.0
18773971,93.0,9.0,9.0,9.0,10.0,10.0,10.0
3332214,94.0,10.0,9.0,10.0,10.0,10.0,9.0
6912147,95.0,10.0,9.0,10.0,10.0,10.0,9.0
16568012,95.0,10.0,10.0,10.0,9.0,10.0,9.0
18643208,93.0,10.0,10.0,9.0,10.0,10.0,9.0
751941,89.0,9.0,9.0,9.0,10.0,9.0,9.0
1669494,100.0,9.0,10.0,10.0,10.0,10.0,10.0
1169800,93.0,9.0,10.0,9.0,10.0,10.0,9.0
18072645,100.0,10.0,10.0,10.0,10.0,10.0,10.0
8658736,90.0,10.0,10.0,9.0,9.0,9.0,9.0
401283,97.0,10.0,10.0,8.0,10.0,10.0,10.0
13825432,100.0,10.0,10.0,10.0,10.0,10.0,9.0
8855212,97.0,10.0,10.0,10.0,10.0,10.0,10.0
1834676,97.0,10.0,10.0,10.0,10.0,10.0,9.0
15850968,100.0,10.0,10.0,10.0,10.0,10.0,10.0
6012289,100.0,10.0,10.0,10.0,10.0,10.0,10.0
4930923,87.0,9.0,9.0,9.0,10.0,9.0,8.0
11124691,87.0,9.0,9.0,10.0,9.0,9.0,9.0
13548443,100.0,10.0,10.0,10.0,10.0,10.0,10.0
1252213,80.0,10.0,10.0,10.0,10.0,10.0,10.0
6429390,93.0,9.0,9.0,10.0,10.0,9.0,10.0
8362596,99.0,10.0,10.0,10.0,10.0,10.0,10.0
2833002,100.0,10.0,10.0,10.0,10.0,10.0,10.0
16767541,86.0,9.0,8.0,10.0,10.0,9.0,9.0
2415094,93.0,9.0,9.0,10.0,10.0,9.0,9.0
2783759,100.0,10.0,10.0,10.0,10.0,10.0,10.0
10975641,95.0,9.0,9.0,10.0,10.0,10.0,9.0
18459153,99.0,10.0,9.0,10.0,10.0,9.0,9.0
2694178,72.0,8.0,8.0,8.0,8.0,8.0,7.0
17905818,100.0,10.0,10.0,8.0,10.0,10.0,10.0
6360754,100.0,10.0,10.0,10.0,10.0,9.0,10.0
8492254,100.0,10.0,10.0,9.0,10.0,10.0,9.0
1137193,85.0,9.0,8.0,10.0,10.0,9.0,9.0
6929096,100.0,10.0,10.0,10.0,10.0,10.0,10.0
5372603,100.0,10.0,9.0,10.0,10.0,10.0,10.0
14890751,93.0,10.0,9.0,10.0,10.0,10.0,9.0
17118957,100.0,10.0,10.0,10.0,10.0,10.0,10.0
20061803,20.0,2.0,8.0,8.0,2.0,8.0,2.0
7997715,90.0,10.0,10.0,10.0,10.0,10.0,10.0
8435267,95.0,10.0,9.0,10.0,10.0,10.0,10.0
19207736,100.0,10.0,10.0,10.0,10.0,10.0,10.0
1423642,100.0,10.0,10.0,10.0,10.0,10.0,10.0
2086811,100.0,10.0,10.0,10.0,10.0,10.0,10.0
8647682,80.0,8.0,8.0,8.0,8.0,8.0,8.0
14365668,100.0,10.0,10.0,10.0,10.0,10.0,10.0
7492387,100.0,10.0,10.0,8.0,10.0,8.0,8.0
6083256,98.0,10.0,10.0,10.0,10.0,9.0,10.0
8745603,96.0,10.0,10.0,10.0,10.0,10.0,9.0
19453095,91.0,10.0,9.0,10.0,10.0,10.0,9.0
7492145,80.0,6.0,10.0,8.0,4.0,10.0,10.0
19239723,85.0,9.0,10.0,9.0,10.0,9.0,10.0
20278644,100.0,10.0,10.0,10.0,10.0,10.0,10.0
10003145,95.0,10.0,9.0,10.0,10.0,10.0,10.0
5890700,90.0,9.0,10.0,10.0,10.0,10.0,10.0
7139300,98.0,10.0,10.0,10.0,10.0,10.0,10.0
4272101,70.0,9.0,9.0,7.0,8.0,9.0,9.0
15969470,80.0,9.0,8.0,9.0,10.0,8.0,9.0
617611,94.0,9.0,10.0,9.0,9.0,9.0,9.0
13406740,100.0,10.0,10.0,10.0,10.0,10.0,10.0
19639287,97.0,10.0,10.0,10.0,10.0,10.0,10.0
16239264,90.0,10.0,8.0,9.0,10.0,9.0,8.0
5122681,93.0,10.0,9.0,10.0,10.0,9.0,9.0
5073407,80.0,8.0,8.0,8.0,8.0,8.0,8.0
8833461,98.0,10.0,10.0,9.0,9.0,10.0,9.0
12167403,88.0,10.0,10.0,10.0,10.0,9.0,10.0
14167010,80.0,8.0,4.0,10.0,10.0,10.0,8.0
18893751,95.0,10.0,10.0,10.0,10.0,9.0,9.0
8649873,80.0,10.0,8.0,10.0,10.0,10.0,10.0
14215970,89.0,10.0,8.0,9.0,9.0,9.0,9.0
10430368,98.0,10.0,10.0,10.0,10.0,10.0,10.0
14411600,100.0,10.0,10.0,10.0,10.0,10.0,10.0
3729223,72.0,6.0,9.0,8.0,8.0,8.0,8.0
17565498,100.0,10.0,10.0,10.0,10.0,10.0,10.0
8218332,100.0,10.0,10.0,10.0,10.0,10.0,9.0
19941081,100.0,10.0,10.0,10.0,10.0,10.0,10.0
15862729,79.0,9.0,6.0,9.0,9.0,9.0,8.0
19359410,95.0,10.0,10.0,9.0,9.0,10.0,9.0
16213662,95.0,10.0,8.0,10.0,10.0,10.0,10.0
2868887,88.0,9.0,9.0,10.0,9.0,8.0,8.0
19408533,100.0,10.0,10.0,10.0,10.0,10.0,10.0
3409553,100.0,10.0,10.0,10.0,10.0,10.0,10.0
21366419,100.0,10.0,10.0,10.0,10.0,10.0,9.0
14821004,98.0,10.0,10.0,10.0,10.0,10.0,10.0
17606280,95.0,10.0,10.0,10.0,10.0,9.0,9.0
3343984,93.0,10.0,10.0,10.0,9.0,9.0,9.0
16008797,95.0,10.0,10.0,10.0,10.0,10.0,9.0
6683630,100.0,10.0,10.0,10.0,10.0,10.0,10.0
9840234,80.0,10.0,10.0,10.0,10.0,8.0,10.0
8332874,80.0,9.0,9.0,9.0,9.0,9.0,8.0
16565849,100.0,10.0,10.0,10.0,10.0,10.0,10.0
13533339,87.0,9.0,9.0,9.0,9.0,10.0,9.0
6419170,93.0,10.0,9.0,10.0,10.0,9.0,10.0
18621969,99.0,10.0,10.0,10.0,10.0,10.0,9.0
16172566,100.0,10.0,9.0,10.0,10.0,9.0,9.0
6375522,60.0,8.0,4.0,7.0,7.0,9.0,7.0
11374925,85.0,9.0,9.0,9.0,9.0,9.0,9.0
2082755,93.0,10.0,9.0,10.0,10.0,10.0,9.0
6104735,93.0,10.0,10.0,10.0,10.0,9.0,9.0
21546658,100.0,10.0,10.0,10.0,10.0,10.0,10.0
805751,64.0,7.0,6.0,7.0,7.0,8.0,6.0
21005485,95.0,10.0,10.0,10.0,10.0,10.0,10.0
21349533,100.0,10.0,10.0,10.0,10.0,10.0,10.0
18178312,100.0,10.0,10.0,10.0,10.0,10.0,10.0
19816711,98.0,10.0,10.0,10.0,10.0,10.0,10.0
15991031,93.0,9.0,9.0,10.0,10.0,10.0,9.0
16875763,90.0,10.0,9.0,10.0,10.0,10.0,10.0
12558556,95.0,10.0,10.0,10.0,10.0,9.0,10.0
13213914,40.0,10.0,6.0,2.0,2.0,10.0,6.0
13500607,83.0,9.0,9.0,9.0,8.0,9.0,8.0
17318083,60.0,6.0,4.0,8.0,6.0,8.0,6.0
15795572,95.0,9.0,10.0,10.0,10.0,9.0,9.0
1933491,90.0,9.0,9.0,10.0,10.0,10.0,9.0
11157686,98.0,10.0,10.0,10.0,10.0,10.0,10.0
15418738,100.0,10.0,10.0,10.0,10.0,10.0,10.0
17536093,97.0,10.0,10.0,10.0,10.0,9.0,10.0
4538532,95.0,10.0,10.0,10.0,10.0,9.0,9.0
13512732,96.0,10.0,9.0,10.0,10.0,10.0,10.0
19910674,98.0,10.0,10.0,10.0,10.0,9.0,9.0
3948699,91.0,9.0,9.0,10.0,10.0,9.0,9.0
21184535,100.0,10.0,8.0,10.0,10.0,6.0,10.0
6552257,98.0,10.0,9.0,10.0,10.0,9.0,9.0
721025,95.0,10.0,10.0,10.0,10.0,10.0,9.0
19488894,96.0,10.0,10.0,10.0,10.0,9.0,10.0
10109059,90.0,9.0,10.0,10.0,10.0,10.0,9.0
20127765,90.0,9.0,9.0,9.0,9.0,10.0,9.0
13049875,90.0,9.0,9.0,10.0,10.0,10.0,10.0
20013079,100.0,10.0,9.0,9.0,10.0,10.0,9.0
15161448,99.0,10.0,10.0,10.0,10.0,9.0,10.0
6521675,96.0,10.0,10.0,10.0,10.0,9.0,9.0
592096,89.0,9.0,9.0,9.0,10.0,9.0,9.0
19417248,93.0,10.0,10.0,10.0,10.0,9.0,10.0
10389595,98.0,10.0,10.0,10.0,10.0,10.0,10.0
19391400,97.0,10.0,10.0,10.0,10.0,9.0,9.0
21025319,97.0,10.0,10.0,10.0,10.0,10.0,9.0
3444185,93.0,10.0,9.0,10.0,10.0,9.0,9.0
13279964,90.0,10.0,9.0,10.0,10.0,10.0,9.0
5559199,100.0,10.0,10.0,10.0,10.0,10.0,10.0
15548362,100.0,10.0,10.0,10.0,10.0,10.0,10.0
19391562,100.0,10.0,10.0,10.0,10.0,10.0,10.0
16219485,100.0,10.0,10.0,10.0,10.0,10.0,10.0
13280057,90.0,10.0,9.0,10.0,10.0,9.0,9.0
1301124,90.0,9.0,10.0,10.0,10.0,9.0,9.0
276025,90.0,9.0,9.0,10.0,10.0,9.0,9.0
11540186,100.0,10.0,10.0,10.0,10.0,10.0,10.0
17219491,100.0,10.0,10.0,10.0,10.0,8.0,10.0
14063775,100.0,10.0,10.0,10.0,10.0,10.0,10.0
20064662,100.0,10.0,10.0,10.0,10.0,10.0,10.0
15136668,98.0,10.0,10.0,9.0,10.0,9.0,9.0
17623239,100.0,10.0,10.0,10.0,10.0,10.0,10.0
1389340,84.0,9.0,9.0,10.0,9.0,9.0,8.0
10757324,90.0,9.0,9.0,10.0,9.0,9.0,9.0
20799055,100.0,10.0,10.0,10.0,10.0,8.0,10.0
16357501,100.0,10.0,10.0,10.0,10.0,10.0,10.0
19220409,90.0,10.0,8.0,10.0,10.0,10.0,9.0
18710537,95.0,10.0,9.0,10.0,10.0,9.0,9.0
13312766,100.0,9.0,9.0,9.0,10.0,10.0,10.0
17003299,84.0,9.0,9.0,9.0,9.0,9.0,9.0
1883650,90.0,9.0,9.0,9.0,10.0,9.0,9.0
16993575,93.0,9.0,9.0,9.0,9.0,9.0,9.0
17003796,93.0,10.0,9.0,9.0,9.0,9.0,9.0
15698794,100.0,10.0,10.0,10.0,10.0,10.0,10.0
16051776,89.0,9.0,9.0,9.0,9.0,9.0,9.0
16425813,100.0,10.0,10.0,10.0,10.0,9.0,10.0
11688257,95.0,10.0,10.0,10.0,10.0,10.0,9.0
1421517,90.0,9.0,10.0,10.0,9.0,8.0,9.0
16793394,94.0,9.0,8.0,10.0,10.0,9.0,10.0
14071579,93.0,10.0,10.0,10.0,9.0,9.0,9.0
908581,99.0,10.0,10.0,10.0,10.0,10.0,10.0
14805484,100.0,10.0,10.0,10.0,10.0,9.0,10.0
16235610,100.0,10.0,10.0,10.0,10.0,10.0,10.0
15757038,100.0,10.0,10.0,10.0,10.0,10.0,10.0
1176480,100.0,10.0,10.0,10.0,10.0,8.0,10.0
1028628,89.0,9.0,9.0,10.0,10.0,9.0,9.0
1316816,80.0,8.0,8.0,10.0,10.0,10.0,8.0
5033788,90.0,9.0,10.0,10.0,10.0,10.0,9.0
19112243,100.0,10.0,10.0,10.0,10.0,9.0,10.0
17744311,100.0,10.0,10.0,10.0,10.0,10.0,10.0
15953949,100.0,6.0,10.0,10.0,10.0,8.0,10.0
4426935,97.0,10.0,10.0,10.0,10.0,9.0,9.0
21160363,100.0,10.0,10.0,10.0,10.0,10.0,10.0
15711153,97.0,10.0,10.0,10.0,10.0,10.0,10.0
17978276,90.0,10.0,10.0,10.0,10.0,10.0,9.0
14823609,84.0,10.0,9.0,9.0,9.0,9.0,10.0
20047668,70.0,9.0,8.0,8.0,7.0,8.0,9.0
13111957,82.0,9.0,8.0,10.0,10.0,8.0,9.0
18015259,98.0,10.0,10.0,10.0,10.0,9.0,10.0
18849205,96.0,10.0,10.0,10.0,10.0,9.0,10.0
17411536,100.0,10.0,10.0,10.0,10.0,10.0,10.0
9501881,96.0,10.0,10.0,10.0,10.0,9.0,9.0
20969842,100.0,10.0,10.0,10.0,10.0,10.0,10.0
17133314,100.0,10.0,10.0,10.0,10.0,10.0,10.0
13966383,96.0,9.0,9.0,9.0,9.0,10.0,10.0
10405089,98.0,10.0,10.0,10.0,10.0,9.0,10.0
17116258,100.0,10.0,10.0,10.0,10.0,10.0,10.0
472068,95.0,10.0,9.0,10.0,10.0,10.0,10.0
6392319,100.0,10.0,10.0,10.0,10.0,10.0,10.0
13620879,60.0,6.0,6.0,6.0,6.0,6.0,5.0
2477855,94.0,9.0,10.0,10.0,10.0,9.0,10.0
1139141,99.0,10.0,10.0,10.0,10.0,10.0,10.0
6003027,100.0,10.0,10.0,10.0,10.0,9.0,10.0
17415290,86.0,9.0,9.0,10.0,9.0,9.0,9.0
14998756,90.0,9.0,9.0,8.0,8.0,8.0,8.0
11114749,94.0,9.0,9.0,10.0,10.0,9.0,9.0
13271291,100.0,10.0,10.0,10.0,10.0,10.0,10.0
10873536,97.0,10.0,10.0,10.0,10.0,10.0,10.0
20498197,88.0,9.0,9.0,10.0,10.0,9.0,9.0
15243894,100.0,10.0,10.0,10.0,10.0,10.0,10.0
20495783,75.0,8.0,10.0,10.0,10.0,9.0,9.0
18627657,97.0,9.0,9.0,9.0,10.0,9.0,9.0
20493201,100.0,10.0,10.0,10.0,10.0,6.0,10.0
8497279,80.0,10.0,6.0,10.0,10.0,8.0,8.0
13280181,100.0,10.0,10.0,10.0,10.0,10.0,10.0
963950,98.0,10.0,10.0,10.0,10.0,10.0,10.0
19395912,100.0,10.0,10.0,10.0,10.0,10.0,10.0
20951497,100.0,10.0,10.0,10.0,10.0,9.0,9.0
9743988,100.0,10.0,10.0,10.0,10.0,9.0,10.0
20489488,97.0,10.0,9.0,9.0,10.0,9.0,10.0
7592145,93.0,9.0,10.0,10.0,10.0,9.0,9.0
20964863,93.0,9.0,10.0,10.0,10.0,8.0,9.0
2510707,97.0,10.0,10.0,10.0,10.0,10.0,10.0
2126100,97.0,10.0,10.0,10.0,10.0,9.0,10.0
20878677,93.0,9.0,9.0,10.0,10.0,9.0,10.0
20281343,92.0,10.0,10.0,10.0,10.0,9.0,9.0
19172142,89.0,9.0,9.0,10.0,10.0,9.0,9.0
7269199,89.0,9.0,9.0,9.0,10.0,9.0,9.0
19958758,92.0,10.0,10.0,10.0,10.0,10.0,10.0
19820423,85.0,9.0,8.0,8.0,8.0,8.0,9.0
15104708,97.0,10.0,10.0,10.0,10.0,9.0,10.0
19622220,100.0,10.0,10.0,10.0,10.0,10.0,10.0
2206182,97.0,10.0,10.0,10.0,10.0,9.0,10.0
7524356,100.0,10.0,10.0,10.0,10.0,10.0,10.0
4563408,98.0,10.0,10.0,10.0,10.0,9.0,10.0
20047620,86.0,9.0,9.0,9.0,8.0,9.0,9.0
16826835,87.0,10.0,10.0,9.0,9.0,10.0,9.0
17506768,99.0,10.0,10.0,10.0,10.0,10.0,10.0
5071668,88.0,9.0,9.0,9.0,9.0,9.0,9.0
10217780,95.0,10.0,10.0,10.0,10.0,9.0,10.0
19739071,98.0,10.0,10.0,10.0,10.0,9.0,10.0
18535661,74.0,8.0,8.0,8.0,8.0,8.0,8.0
349993,96.0,10.0,10.0,10.0,10.0,10.0,10.0
14446216,90.0,10.0,10.0,10.0,10.0,9.0,8.0
3752818,95.0,10.0,10.0,10.0,10.0,9.0,10.0
7746161,100.0,9.0,9.0,9.0,10.0,9.0,9.0
2147379,97.0,10.0,10.0,10.0,10.0,9.0,10.0
21062167,80.0,9.0,9.0,9.0,9.0,8.0,8.0
15286007,100.0,10.0,10.0,10.0,10.0,9.0,9.0
13822514,100.0,10.0,10.0,10.0,10.0,10.0,10.0
21443102,97.0,10.0,10.0,10.0,10.0,10.0,10.0
3108317,98.0,10.0,10.0,10.0,10.0,9.0,10.0
11051956,95.0,10.0,10.0,10.0,10.0,10.0,10.0
18465104,100.0,10.0,10.0,10.0,10.0,10.0,9.0
17664964,88.0,9.0,9.0,10.0,10.0,9.0,9.0
19718580,100.0,10.0,10.0,10.0,10.0,8.0,10.0
13120056,95.0,10.0,10.0,9.0,10.0,10.0,10.0
13370710,100.0,10.0,9.0,10.0,10.0,10.0,10.0
16933523,95.0,10.0,10.0,10.0,10.0,9.0,10.0
16892607,100.0,10.0,10.0,10.0,10.0,10.0,10.0
8715026,98.0,10.0,9.0,10.0,10.0,9.0,10.0
5304033,100.0,10.0,8.0,10.0,10.0,10.0,10.0
8662053,90.0,10.0,7.0,10.0,10.0,7.0,10.0
7348483,95.0,10.0,9.0,9.0,10.0,9.0,9.0
20739441,100.0,10.0,10.0,10.0,10.0,10.0,10.0
21176168,80.0,8.0,10.0,8.0,10.0,10.0,10.0
21240154,100.0,10.0,10.0,10.0,9.0,9.0,10.0
19158234,100.0,10.0,10.0,10.0,10.0,10.0,10.0
13842143,90.0,9.0,7.0,10.0,9.0,10.0,9.0
13754202,92.0,10.0,8.0,10.0,9.0,10.0,10.0
8843275,94.0,10.0,10.0,10.0,10.0,9.0,10.0
14190296,93.0,9.0,10.0,10.0,10.0,9.0,9.0
11524806,88.0,10.0,9.0,9.0,9.0,9.0,9.0
13670795,97.0,10.0,10.0,10.0,10.0,10.0,10.0
4011216,91.0,9.0,9.0,9.0,9.0,9.0,9.0
4820762,94.0,10.0,9.0,10.0,10.0,10.0,9.0
6635324,93.0,9.0,9.0,9.0,10.0,9.0,9.0
11844674,93.0,10.0,10.0,10.0,10.0,9.0,9.0
9937357,100.0,10.0,10.0,10.0,10.0,10.0,10.0
6125767,90.0,10.0,9.0,10.0,10.0,10.0,10.0
9703138,60.0,6.0,7.0,6.0,6.0,6.0,5.0
5548045,97.0,10.0,10.0,10.0,10.0,9.0,10.0
17428939,100.0,10.0,10.0,10.0,10.0,10.0,10.0
17889070,90.0,10.0,9.0,9.0,10.0,9.0,9.0
17128058,95.0,10.0,10.0,10.0,10.0,9.0,9.0
18063873,100.0,10.0,10.0,10.0,10.0,10.0,10.0
18872236,87.0,9.0,9.0,8.0,8.0,8.0,8.0
15558327,70.0,7.0,7.0,7.0,7.0,8.0,7.0
19216795,100.0,10.0,10.0,10.0,10.0,10.0,10.0
17358656,100.0,10.0,10.0,10.0,10.0,10.0,10.0
5616194,100.0,10.0,10.0,10.0,10.0,9.0,10.0
17787446,95.0,9.0,10.0,10.0,10.0,9.0,9.0
11316463,100.0,10.0,10.0,10.0,10.0,10.0,10.0
20603453,100.0,10.0,8.0,10.0,10.0,10.0,10.0
20813911,100.0,10.0,10.0,10.0,10.0,9.0,9.0
2658647,95.0,9.0,9.0,10.0,10.0,9.0,9.0
12215958,100.0,10.0,10.0,10.0,10.0,10.0,10.0
1172184,100.0,10.0,9.0,10.0,10.0,10.0,10.0
18483580,100.0,10.0,10.0,10.0,10.0,10.0,10.0
6087523,93.0,9.0,9.0,10.0,10.0,10.0,9.0
2714778,100.0,10.0,10.0,10.0,10.0,9.0,10.0
18291045,91.0,9.0,10.0,9.0,9.0,9.0,9.0
16854166,95.0,10.0,9.0,9.0,9.0,9.0,9.0
8156864,100.0,10.0,10.0,10.0,10.0,10.0,10.0
8027536,93.0,10.0,9.0,10.0,10.0,10.0,9.0
18035893,100.0,10.0,10.0,10.0,10.0,10.0,10.0
17162855,91.0,9.0,10.0,9.0,10.0,9.0,9.0
20859188,100.0,10.0,10.0,10.0,10.0,10.0,10.0
3423232,91.0,10.0,10.0,10.0,10.0,9.0,9.0
20376160,90.0,10.0,10.0,10.0,10.0,9.0,10.0
417639,76.0,9.0,10.0,9.0,10.0,9.0,9.0
7410340,93.0,10.0,7.0,10.0,10.0,9.0,10.0
6473441,93.0,9.0,9.0,9.0,9.0,9.0,9.0
2664733,98.0,10.0,10.0,10.0,10.0,10.0,9.0
2990390,89.0,9.0,9.0,10.0,10.0,10.0,9.0
1650333,98.0,10.0,10.0,10.0,10.0,9.0,9.0
14816058,100.0,10.0,10.0,10.0,10.0,10.0,10.0
8190949,100.0,9.0,9.0,10.0,10.0,9.0,9.0
16687683,96.0,10.0,10.0,10.0,10.0,9.0,9.0
570235,93.0,9.0,9.0,9.0,10.0,8.0,9.0
19212362,60.0,10.0,2.0,10.0,2.0,10.0,10.0
5436950,96.0,10.0,10.0,10.0,10.0,10.0,10.0
2381720,88.0,9.0,9.0,10.0,10.0,8.0,8.0
921964,100.0,9.0,10.0,10.0,10.0,9.0,10.0
20292454,93.0,9.0,10.0,9.0,9.0,8.0,9.0
7713138,96.0,10.0,10.0,10.0,10.0,9.0,9.0
19241592,94.0,10.0,10.0,10.0,10.0,9.0,10.0
19297669,89.0,10.0,9.0,10.0,10.0,9.0,9.0
19297974,92.0,10.0,9.0,10.0,10.0,9.0,10.0
16159057,96.0,10.0,9.0,10.0,10.0,10.0,9.0
17327466,100.0,10.0,9.0,10.0,10.0,9.0,10.0
4800301,100.0,10.0,10.0,10.0,10.0,10.0,10.0
16600652,95.0,10.0,10.0,10.0,10.0,9.0,9.0
11780330,79.0,9.0,8.0,9.0,9.0,9.0,8.0
7555865,100.0,10.0,10.0,10.0,10.0,10.0,10.0
18381329,93.0,9.0,10.0,10.0,10.0,9.0,9.0
4953188,86.0,10.0,10.0,9.0,9.0,9.0,9.0
5311446,100.0,10.0,10.0,10.0,10.0,10.0,10.0
8171027,95.0,10.0,10.0,10.0,10.0,10.0,10.0
11665732,98.0,10.0,10.0,10.0,10.0,9.0,9.0
8897026,97.0,10.0,10.0,10.0,10.0,9.0,9.0
17105523,100.0,10.0,10.0,10.0,10.0,9.0,10.0
13448240,95.0,10.0,9.0,10.0,10.0,10.0,10.0
7445669,97.0,10.0,10.0,10.0,10.0,10.0,10.0
2276499,80.0,10.0,10.0,10.0,10.0,10.0,10.0
17743179,100.0,10.0,10.0,10.0,9.0,10.0,10.0
18367360,100.0,10.0,10.0,10.0,10.0,10.0,10.0
19771259,98.0,10.0,10.0,10.0,10.0,8.0,10.0
13326878,100.0,10.0,10.0,10.0,10.0,8.0,10.0
15262486,100.0,10.0,10.0,8.0,8.0,10.0,8.0
10349024,100.0,10.0,10.0,10.0,10.0,10.0,10.0
11117739,97.0,10.0,9.0,10.0,10.0,10.0,10.0
16360726,98.0,10.0,10.0,10.0,10.0,10.0,10.0
12839218,98.0,10.0,10.0,10.0,10.0,10.0,9.0
15318418,100.0,10.0,10.0,10.0,10.0,10.0,10.0
4257801,92.0,10.0,9.0,10.0,10.0,9.0,10.0
13949022,100.0,10.0,10.0,10.0,10.0,10.0,10.0
16425022,80.0,8.0,8.0,8.0,10.0,6.0,10.0
8845602,100.0,10.0,10.0,10.0,10.0,10.0,10.0
1846042,100.0,10.0,10.0,10.0,10.0,10.0,10.0
7490872,90.0,10.0,10.0,10.0,10.0,9.0,9.0
13907310,100.0,10.0,10.0,10.0,10.0,9.0,10.0
10960560,95.0,10.0,10.0,10.0,10.0,9.0,10.0
18629732,90.0,9.0,8.0,10.0,9.0,9.0,9.0
10315558,97.0,10.0,10.0,10.0,10.0,9.0,9.0
18487792,100.0,10.0,10.0,10.0,10.0,9.0,10.0
15700637,97.0,10.0,10.0,10.0,10.0,9.0,10.0
21095196,100.0,10.0,10.0,10.0,10.0,10.0,10.0
4320491,93.0,9.0,9.0,10.0,10.0,9.0,9.0
20871144,100.0,10.0,10.0,10.0,10.0,10.0,10.0
19771058,100.0,10.0,10.0,10.0,10.0,9.0,10.0
18368265,90.0,9.0,10.0,10.0,10.0,9.0,10.0
4769087,95.0,10.0,10.0,10.0,10.0,9.0,10.0
8021388,87.0,10.0,9.0,10.0,10.0,9.0,9.0
19047615,100.0,10.0,10.0,10.0,10.0,10.0,10.0
8457830,98.0,9.0,9.0,10.0,10.0,9.0,9.0
4461854,100.0,10.0,10.0,10.0,10.0,9.0,10.0
9986899,97.0,10.0,10.0,10.0,10.0,10.0,10.0
6565928,93.0,10.0,9.0,10.0,10.0,9.0,9.0
17602151,93.0,10.0,10.0,10.0,10.0,8.0,9.0
18739890,97.0,10.0,9.0,10.0,10.0,9.0,10.0
2441896,90.0,10.0,9.0,9.0,9.0,9.0,9.0
13790801,94.0,9.0,10.0,10.0,10.0,9.0,10.0
19446432,100.0,10.0,8.0,10.0,10.0,10.0,10.0
7004885,80.0,10.0,10.0,10.0,8.0,8.0,10.0
14588423,97.0,10.0,10.0,10.0,10.0,10.0,10.0
4277919,91.0,9.0,9.0,9.0,9.0,9.0,9.0
17244023,97.0,10.0,10.0,10.0,10.0,10.0,10.0
315890,91.0,9.0,9.0,10.0,10.0,9.0,9.0
7289703,100.0,10.0,10.0,10.0,10.0,10.0,10.0
17372802,80.0,10.0,9.0,10.0,10.0,10.0,10.0
315869,93.0,9.0,9.0,10.0,10.0,10.0,9.0
5111081,95.0,10.0,10.0,10.0,10.0,9.0,9.0
17530312,100.0,9.0,10.0,10.0,10.0,10.0,10.0
21318233,85.0,9.0,9.0,9.0,8.0,9.0,8.0
19446870,100.0,10.0,10.0,10.0,10.0,10.0,10.0
18483133,87.0,8.0,9.0,8.0,8.0,8.0,7.0
16601371,92.0,9.0,10.0,10.0,10.0,9.0,8.0
14527542,89.0,9.0,10.0,9.0,9.0,9.0,9.0
14888346,95.0,9.0,9.0,10.0,10.0,9.0,10.0
14120262,100.0,10.0,10.0,10.0,10.0,10.0,9.0
15627285,60.0,6.0,6.0,10.0,6.0,8.0,8.0
16601181,96.0,10.0,10.0,10.0,10.0,9.0,10.0
5592096,100.0,10.0,10.0,10.0,10.0,10.0,10.0
20307382,98.0,10.0,10.0,10.0,10.0,10.0,9.0
17939469,100.0,10.0,10.0,10.0,10.0,10.0,10.0
20724979,100.0,10.0,10.0,10.0,9.0,9.0,10.0
16306091,100.0,10.0,10.0,10.0,10.0,10.0,10.0
7830382,94.0,10.0,9.0,10.0,10.0,10.0,9.0
4726866,89.0,9.0,8.0,9.0,9.0,10.0,9.0
3807684,98.0,10.0,10.0,10.0,10.0,10.0,9.0
16133033,99.0,10.0,10.0,10.0,10.0,9.0,9.0
15740778,100.0,9.0,10.0,10.0,10.0,10.0,10.0
21469347,40.0,6.0,2.0,6.0,6.0,8.0,2.0
21397037,100.0,10.0,10.0,10.0,10.0,10.0,10.0
