ndcg@1>=0.00,ndcg@1>=0.60,ndcg@1>=0.80,ndcg@1>=1.00,relevance,objective,x
1.9600000000000002,1.9600000000000002,1.9600000000000002,1.9600000000000002,1.9599999999999993,1.9599999999999993,1
3.840808080808081,3.840808080808081,3.840808080808081,3.9200000000000004,3.9199999999999986,3.8408080808080807,2
5.6436363636363645,5.6436363636363645,5.6436363636363645,5.880000000000001,5.88,5.643636363636364,3
7.369696969696969,7.369696969696969,7.369696969696969,7.840000000000001,7.839999999999997,7.369696969696969,4
9.02020202020202,9.02020202020202,9.02020202020202,9.8,9.800000000000002,9.02020202020202,5
10.596363636363638,10.596363636363638,10.596363636363638,11.76,11.76,10.596363636363638,6
12.099393939393938,12.099393939393938,12.099393939393938,13.72,13.719999999999999,12.09939393939394,7
13.530505050505052,13.530505050505052,13.530505050505052,15.680000000000001,15.679999999999994,13.530505050505049,8
14.890909090909094,14.890909090909094,14.890909090909094,17.64,17.639999999999997,14.890909090909094,9
16.18181818181818,16.18181818181818,16.18181818181818,19.6,19.600000000000005,16.18181818181818,10
17.404444444444447,17.404444444444447,17.404444444444447,21.56,21.560000000000002,17.404444444444447,11
18.56,18.56,18.56,23.52,23.52,18.56,12
19.649696969696965,19.649696969696965,19.649696969696965,25.480000000000004,25.479999999999997,19.64969696969697,13
20.67474747474747,20.67474747474747,20.67474747474747,27.44,27.439999999999998,20.67474747474747,14
21.63636363636364,21.63636363636364,21.63636363636364,29.400000000000002,29.40000000000001,21.636363636363637,15
22.53575757575758,22.53575757575758,22.53575757575758,31.360000000000003,31.35999999999999,22.53575757575757,16
23.374141414141413,23.374141414141413,23.374141414141413,33.32000000000001,33.31999999999999,23.374141414141413,17
24.15272727272728,24.15272727272728,24.15272727272728,35.28,35.279999999999994,24.15272727272727,18
24.87272727272727,24.87272727272727,24.87272727272727,37.24,37.24,24.872727272727275,19
25.535353535353536,25.535353535353536,25.535353535353536,39.2,39.20000000000001,25.535353535353533,20
26.14181818181818,26.14181818181818,26.812121212121212,41.16,41.160000000000004,26.14181818181818,21
26.693333333333335,26.693333333333335,28.08888888888889,43.12,43.120000000000005,26.69333333333333,22
27.191111111111113,27.191111111111113,29.365656565656565,45.08,45.08,27.191111111111113,23
27.636363636363637,27.636363636363637,30.64242424242424,47.04,47.04,27.636363636363637,24
28.03030303030303,28.03030303030303,31.919191919191917,49.0,49.00000000000001,28.03030303030303,25
28.37414141414141,28.37414141414141,33.19595959595959,50.96000000000001,50.959999999999994,28.374141414141413,26
28.669090909090908,28.669090909090908,34.47272727272727,52.92,52.92000000000001,28.669090909090908,27
28.91636363636364,28.91636363636364,35.74949494949495,54.88,54.879999999999995,28.916363636363634,28
29.117171717171715,29.117171717171715,37.02626262626262,56.84,56.84,29.117171717171722,29
29.272727272727273,29.272727272727273,38.3030303030303,58.800000000000004,58.80000000000002,29.27272727272728,30
29.384242424242423,29.384242424242423,39.57979797979797,60.760000000000005,60.76,29.38424242424243,31
29.452929292929294,29.452929292929294,40.85656565656565,62.72,62.71999999999998,29.452929292929298,32
29.480000000000004,29.480000000000004,42.13333333333333,64.68,64.67999999999999,29.480000000000004,33
29.46666666666667,29.46666666666667,43.41010101010101,66.64,66.64,29.46666666666667,34
29.41414141414142,29.41414141414142,44.686868686868685,68.6,68.6,29.41414141414142,35
29.323636363636368,29.323636363636368,45.963636363636354,70.56,70.56,29.32363636363637,36
29.19636363636364,29.19636363636364,47.24040404040403,72.52000000000001,72.51999999999998,29.196363636363643,37
29.03353535353536,29.03353535353536,48.51717171717172,74.48,74.48,29.033535353535356,38
28.836363636363636,28.836363636363636,49.79393939393939,76.44,76.44000000000003,28.83636363636364,39
28.60606060606061,28.60606060606061,51.07070707070707,78.4,78.40000000000002,28.60606060606061,40
28.34383838383839,29.321212121212124,52.34747474747474,80.36000000000001,80.36000000000001,28.343838383838385,41
28.050909090909094,30.03636363636364,53.62424242424242,82.32,82.32000000000001,28.050909090909094,42
27.72848484848485,30.751515151515157,54.9010101010101,84.28,84.28,27.728484848484854,43
27.37777777777778,31.46666666666667,56.17777777777778,86.24,86.24000000000001,27.37777777777778,44
27.0,32.18181818181819,57.45454545454544,88.2,88.20000000000002,27.000000000000004,45
26.596363636363634,32.8969696969697,58.73131313131313,90.16,90.16000000000001,26.596363636363634,46
26.168080808080806,33.61212121212122,60.00808080808079,92.12,92.12000000000002,26.168080808080813,47
25.71636363636364,34.327272727272735,61.28484848484848,94.08,94.07999999999998,25.716363636363635,48
25.242424242424246,35.04242424242425,62.56161616161616,96.03999999999999,96.03999999999999,25.242424242424246,49
24.74747474747475,35.757575757575765,63.838383838383834,98.0,98.00000000000001,24.747474747474747,50
24.29212121212122,36.472727272727276,65.11515151515151,99.96,99.96000000000001,24.292121212121216,51
23.893333333333334,37.20484848484848,66.40888888888887,101.92,101.91999999999999,23.893333333333338,52
23.54747474747475,37.95030303030304,67.71595959595957,103.88,103.87999999999998,23.54747474747475,53
23.2509090909091,38.70545454545455,69.03272727272726,105.84,105.84,23.250909090909097,54
23.000000000000007,39.46666666666667,70.35555555555555,107.79999999999998,107.79999999999998,23.000000000000014,55
22.80000000000001,40.239191919191924,71.68969696969697,109.75999999999999,109.75999999999999,22.800000000000008,56
22.640000000000008,41.012121212121215,73.0242424242424,111.71999999999997,111.71999999999997,22.640000000000008,57
22.524444444444455,41.789898989898994,74.36363636363635,113.67999999999998,113.67999999999998,22.524444444444455,58
22.446868686868697,42.56606060606061,75.70141414141412,115.63999999999999,115.63999999999999,22.446868686868697,59
22.41212121212122,43.345454545454544,77.04242424242422,117.59999999999998,117.59999999999998,22.41212121212122,60
22.41212121212122,44.12000000000001,78.37858585858585,119.55999999999997,119.55999999999999,22.412121212121225,61
22.450909090909107,44.89373737373738,79.71393939393937,121.51999999999998,121.51999999999998,22.450909090909107,62
22.527272727272738,45.66545454545455,81.03636363636362,123.47999999999998,123.47999999999998,22.527272727272738,63
22.637575757575775,46.43151515151515,82.31515151515148,125.43999999999997,125.43999999999993,22.63757575757577,64
22.781818181818192,47.19191919191918,83.55151515151512,127.39999999999998,127.39999999999996,22.781818181818196,65
22.960000000000008,47.94666666666666,84.74666666666664,129.35999999999996,129.35999999999996,22.96000000000001,66
23.175353535353548,48.69898989898989,85.90181818181816,131.31999999999996,131.32,23.175353535353544,67
23.42383838383839,49.44484848484848,87.0181818181818,133.27999999999997,133.27999999999992,23.423838383838397,68
23.70545454545455,50.18424242424241,88.09696969696967,135.23999999999998,135.23999999999995,23.705454545454558,69
24.02020202020203,50.917171717171705,89.37373737373734,137.2,137.19999999999996,24.02020202020203,70
24.360000000000007,51.643636363636354,90.65050505050502,139.15999999999997,139.15999999999997,24.360000000000007,71
24.67636363636364,52.363636363636346,91.92727272727271,141.11999999999995,141.11999999999995,24.676363636363643,72
24.969292929292937,53.07717171717171,93.20404040404038,143.07999999999996,143.07999999999996,24.969292929292934,73
25.23878787878789,53.78424242424241,94.48080808080806,145.03999999999996,145.03999999999994,25.238787878787882,74
25.48484848484849,54.48484848484847,95.75757575757574,146.99999999999994,146.99999999999991,25.484848484848495,75
25.707474747474755,55.18303030303029,97.03434343434341,148.95999999999998,148.95999999999995,25.707474747474755,76
25.906666666666673,55.875555555555536,98.31111111111109,150.91999999999996,150.91999999999993,25.906666666666673,77
26.082424242424246,56.56242424242423,99.58787878787876,152.87999999999997,152.87999999999997,26.082424242424246,78
26.23474747474749,57.24363636363634,100.86464646464643,154.83999999999997,154.84000000000003,26.234747474747486,79
26.363636363636367,57.91919191919191,102.14141414141412,156.79999999999995,156.79999999999998,26.363636363636374,80
26.472727272727283,58.59272727272726,103.41818181818178,158.75999999999993,158.75999999999996,26.47272727272729,81
26.563232323232345,59.26545454545453,104.69494949494947,160.71999999999997,160.71999999999997,26.56323232323234,82
26.631111111111135,59.93333333333332,105.97171717171716,162.67999999999998,162.67999999999995,26.63111111111113,83
26.676363636363657,60.59393939393939,107.24848484848482,164.63999999999993,164.64,26.676363636363657,84
26.69898989898993,61.23636363636361,108.5252525252525,166.59999999999997,166.6,26.69898989898992,85
26.698989898989925,61.86181818181817,109.80202020202017,168.55999999999995,168.55999999999997,26.698989898989925,86
26.67636363636366,62.47151515151514,111.07878787878786,170.51999999999998,170.51999999999995,26.676363636363664,87
26.64000000000002,63.06666666666666,112.35555555555555,172.47999999999996,172.47999999999996,26.64000000000002,88
26.585454545454567,63.64848484848484,113.63232323232323,174.43999999999994,174.43999999999997,26.585454545454567,89
26.509090909090933,64.36363636363635,114.9090909090909,176.39999999999998,176.4,26.509090909090926,90
26.410909090909108,65.07878787878786,116.18585858585857,178.35999999999996,178.35999999999999,26.410909090909108,91
26.290909090909107,65.79393939393938,117.46262626262624,180.31999999999996,180.32,26.290909090909103,92
26.15757575757577,66.5090909090909,118.73939393939393,182.27999999999997,182.27999999999997,26.157575757575767,93
26.010505050505056,67.22424242424242,120.01616161616161,184.23999999999995,184.24,26.01050505050506,94
25.84242424242425,67.93939393939392,121.29292929292927,186.2,186.20000000000002,25.842424242424258,95
25.653333333333336,68.65454545454544,122.56969696969698,188.15999999999997,188.15999999999997,25.653333333333336,96
25.444444444444454,69.36969696969696,123.84646464646465,190.11999999999998,190.12,25.44444444444445,97
25.232323232323235,70.08484848484848,125.12323232323232,192.07999999999996,192.07999999999998,25.232323232323232,98
25.000000000000004,70.8,126.39999999999999,194.03999999999996,194.03999999999996,25.0,99
24.747474747474747,71.5151515151515,127.67676767676768,195.99999999999997,196.0,24.747474747474747,100
24.515151515151516,72.23030303030302,128.95353535353536,197.95999999999998,197.95999999999995,24.515151515151512,101
24.322424242424233,72.94545454545454,130.23030303030305,199.91999999999996,199.91999999999996,24.322424242424233,102
24.14787878787878,73.66060606060606,131.5070707070707,201.88,201.88,24.14787878787878,103
23.990303030303004,74.37575757575756,132.78383838383837,203.83999999999997,203.83999999999997,23.990303030303004,104
23.854545454545434,75.0909090909091,134.06060606060606,205.8,205.8,23.85454545454543,105
23.751111111111072,75.8060606060606,135.33737373737375,207.75999999999996,207.75999999999996,23.751111111111072,106
23.66181818181814,76.52121212121212,136.61414141414141,209.72,209.71999999999994,23.66181818181815,107
23.585454545454496,77.23636363636363,137.8909090909091,211.68,211.68,23.5854545454545,108
23.53898989898984,77.95151515151515,139.1676767676768,213.64,213.64,23.538989898989847,109
23.51111111111106,78.66666666666666,140.44444444444446,215.59999999999997,215.59999999999994,23.51111111111106,110
23.50181818181812,79.38181818181818,141.72121212121215,217.56,217.56,23.50181818181812,111
23.511111111111042,80.0969696969697,142.9979797979798,219.51999999999998,219.51999999999998,23.51111111111104,112
23.547878787878705,80.81212121212121,144.27474747474753,221.47999999999996,221.47999999999996,23.547878787878705,113
23.592727272727185,81.52727272727273,145.5515151515152,223.44,223.44,23.59272727272719,114
23.650505050504957,82.24242424242425,146.82828282828285,225.4,225.39999999999998,23.65050505050496,115
23.749494949494835,82.95757575757577,148.10505050505054,227.35999999999999,227.35999999999996,23.74949494949484,116
23.854545454545345,83.67272727272727,149.3818181818182,229.32,229.32000000000002,23.854545454545338,117
23.964444444444343,84.38787878787879,150.65858585858592,231.28,231.28,23.964444444444347,118
24.1159595959595,85.10303030303031,151.93535353535356,233.24,233.23999999999995,24.1159595959595,119
24.278787878787774,85.81818181818181,153.21212121212125,235.2,235.2,24.278787878787774,120
24.444444444444354,86.53333333333335,154.48888888888894,237.16,237.15999999999997,24.444444444444354,121
24.647272727272636,87.24848484848485,155.76565656565663,239.12,239.11999999999998,24.647272727272643,122
24.839999999999904,87.96363636363637,157.0424242424243,241.07999999999998,241.08,24.839999999999904,123
25.022222222222158,88.67878787878787,158.31919191919195,243.04000000000002,243.04000000000002,25.022222222222155,124
25.181818181818116,89.3939393939394,159.59595959595964,245.00000000000003,244.99999999999997,25.181818181818112,125
25.330909090909024,90.10909090909092,160.87272727272733,246.96,246.96,25.33090909090903,126
25.466666666666622,90.82424242424243,162.14949494949502,248.92000000000002,248.92,25.466666666666622,127
25.585454545454507,91.53939393939395,163.42626262626268,250.88,250.87999999999994,25.585454545454503,128
25.69090909090905,92.25454545454548,164.70303030303037,252.84000000000003,252.84000000000003,25.690909090909045,129
25.78181818181813,92.969696969697,165.97979797979804,254.8,254.79999999999998,25.78181818181813,130
25.869494949494932,93.68484848484849,167.25656565656573,256.76,256.76000000000005,25.86949494949493,131
25.91999999999998,94.4,168.53333333333342,258.72,258.71999999999997,25.919999999999977,132
25.967272727272707,95.11515151515152,169.8101010101011,260.68000000000006,260.68,25.967272727272714,133
26.00323232323233,95.83030303030304,171.08686868686874,262.64,262.64000000000004,26.00323232323233,134
26.01818181818183,96.54545454545455,172.36363636363643,264.6,264.59999999999997,26.01818181818183,135
26.02181818181819,97.26060606060607,173.64040404040412,266.56000000000006,266.56,26.021818181818187,136
26.018181818181823,97.97575757575757,174.91717171717175,268.52,268.52000000000004,26.01818181818182,137
25.985454545454584,98.69090909090912,176.19393939393947,270.48,270.47999999999996,25.98545454545458,138
25.957979797979846,99.4060606060606,177.47070707070714,272.44,272.44,25.957979797979853,139
25.911111111111165,100.12121212121214,178.74747474747483,274.4,274.40000000000003,25.91111111111117,140
25.84000000000006,100.83636363636367,180.02424242424252,276.36,276.36,25.84000000000006,141
25.779393939394012,101.55151515151518,181.3010101010102,278.32000000000005,278.32000000000005,25.779393939394012,142
25.68888888888896,102.26666666666668,182.57777777777787,280.2800000000001,280.28000000000003,25.688888888888965,143
25.592727272727355,102.9818181818182,183.85454545454553,282.24,282.24,25.592727272727355,144
25.48282828282837,103.69696969696972,185.13131313131322,284.20000000000005,284.2,25.48282828282837,145
25.364848484848572,104.41212121212124,186.4080808080809,286.16,286.1600000000001,25.364848484848572,146
25.22181818181828,105.12727272727273,187.68484848484857,288.12000000000006,288.12,25.22181818181828,147
25.070707070707147,105.84242424242427,188.96161616161623,290.08000000000004,290.08,25.070707070707144,148
24.919191919191988,106.55757575757576,190.23838383838392,292.0400000000001,292.0400000000001,24.919191919191988,149
24.72727272727282,107.27272727272732,191.51515151515162,294.00000000000006,294.0,24.72727272727282,150
24.609292929293016,107.9878787878788,192.7919191919193,295.96000000000004,295.96,24.609292929293016,151
24.47030303030311,108.70303030303032,194.06868686868694,297.9200000000001,297.9200000000001,24.470303030303103,152
24.35272727272733,109.41818181818184,195.34545454545466,299.88000000000005,299.88,24.352727272727332,153
24.257777777777815,110.13333333333335,196.62222222222232,301.84000000000003,301.84000000000003,24.257777777777815,154
24.169696969697007,110.85656565656569,197.89898989899,303.80000000000007,303.8000000000001,24.169696969697007,155
24.08727272727276,111.56363636363639,199.17575757575767,305.76,305.7600000000001,24.08727272727276,156
24.02585858585862,112.2787878787879,200.45252525252533,307.72,307.7200000000001,24.02585858585863,157
23.97818181818184,112.99474747474747,201.72929292929302,309.68000000000006,309.6800000000001,23.978181818181845,158
23.941818181818203,113.70909090909092,203.0060606060607,311.64000000000004,311.64000000000016,23.9418181818182,159
23.931313131313136,114.43232323232326,204.2828282828284,313.6000000000001,313.6000000000001,23.93131313131314,160
23.926060606060613,115.13939393939395,205.5595959595961,315.56000000000006,315.5600000000001,23.92606060606061,161
23.934545454545454,115.85454545454547,206.83636363636373,317.52000000000004,317.5200000000001,23.934545454545457,162
23.9462626262626,116.56969696969699,208.11313131313142,319.4800000000001,319.4800000000001,23.9462626262626,163
23.987878787878774,117.28484848484851,209.3898989898991,321.44000000000005,321.44000000000005,23.987878787878778,164
24.000000000000014,118.00000000000003,210.6666666666668,323.40000000000003,323.4000000000001,24.000000000000007,165
24.091313131313115,118.73939393939398,211.94343434343446,325.36,325.36000000000007,24.091313131313115,166
24.152323232323187,119.43555555555554,213.22020202020212,327.32000000000005,327.3200000000001,24.152323232323187,167
24.244848484848422,120.14545454545458,214.4969696969698,329.2800000000001,329.2800000000001,24.24484848484842,168
24.334949494949427,120.86060606060607,215.7737373737375,331.24000000000007,331.24000000000007,24.334949494949427,169
24.448484848484792,121.57575757575759,217.0505050505052,333.20000000000005,333.20000000000016,24.44848484848479,170
24.545454545454486,122.29090909090911,218.32727272727283,335.1600000000001,335.1600000000001,24.54545454545449,171
24.70222222222217,123.00606060606063,219.60404040404052,337.1200000000001,337.12000000000006,24.70222222222217,172
24.839999999999904,123.72121212121215,220.8808080808082,339.0800000000001,339.08000000000015,24.839999999999907,173
24.96727272727262,124.43636363636367,222.1575757575759,341.0400000000001,341.04,24.967272727272615,174
25.090909090909005,125.15151515151518,223.4343434343436,343.0000000000001,343.0000000000001,25.090909090909,175
25.19111111111104,125.86666666666667,224.71111111111122,344.96000000000004,344.96000000000004,25.19111111111104,176
25.29818181818182,126.5818181818182,225.9878787878789,346.9200000000001,346.92000000000013,25.29818181818182,177
25.393939393939387,127.29696969696973,227.2646464646466,348.88000000000005,348.88,25.39393939393939,178
25.461818181818177,128.01212121212123,228.54141414141426,350.84000000000003,350.84000000000003,25.461818181818174,179
25.527272727272713,128.72727272727275,229.81818181818196,352.80000000000007,352.8000000000001,25.52727272727271,180
25.585050505050454,129.44242424242424,231.09494949494965,354.7600000000001,354.76000000000016,25.58505050505046,181
25.63232323232318,130.15757575757578,232.3717171717173,356.72,356.7200000000001,25.632323232323184,182
25.669090909090855,130.8727272727273,233.64848484848497,358.68000000000006,358.6800000000001,25.669090909090848,183
25.717171717171723,131.58787878787882,234.92525252525266,360.6400000000001,360.6400000000001,25.717171717171727,184
25.729292929292946,132.3030303030303,236.20202020202038,362.60000000000014,362.6000000000002,25.72929292929295,185
25.728484848484875,133.01818181818186,237.478787878788,364.56000000000006,364.56000000000006,25.728484848484875,186
25.715555555555607,133.73333333333335,238.7555555555557,366.5200000000001,366.52000000000004,25.715555555555603,187
25.696161616161664,134.44848484848487,240.0323232323234,368.48000000000013,368.48000000000013,25.69616161616166,188
25.669090909090954,135.16363636363639,241.30909090909105,370.4400000000001,370.44000000000005,25.66909090909095,189
25.636363636363676,135.8787878787879,242.58585858585872,372.4000000000001,372.4000000000001,25.636363636363683,190
25.597979797979846,136.5939393939394,243.86262626262635,374.3600000000001,374.3600000000001,25.59797979797985,191
25.527272727272766,137.3090909090909,245.1393939393941,376.32000000000005,376.32000000000016,25.52727272727277,192
25.45898989898999,138.02424242424246,246.41616161616173,378.2800000000001,378.28000000000003,25.45898989898999,193
25.382626262626335,138.73939393939398,247.69292929292942,380.2400000000001,380.2400000000001,25.38262626262634,194
25.3030303030304,139.45454545454547,248.96969696969714,382.20000000000005,382.2000000000001,25.3030303030304,195
25.211313131313243,140.169696969697,250.2464646464648,384.1600000000001,384.1600000000001,25.211313131313243,196
25.111111111111228,140.8848484848485,251.52323232323246,386.1200000000001,386.1200000000001,25.111111111111235,197
24.960000000000125,141.60000000000002,252.80000000000015,388.08000000000004,388.08000000000015,24.96000000000013,198
24.878787878788003,142.3151515151515,254.07676767676787,390.0400000000001,390.0400000000001,24.878787878788003,199
24.747474747474875,143.03030303030306,255.35353535353553,392.0000000000001,392.0000000000001,24.747474747474875,200
24.646060606060733,143.74545454545455,256.6303030303032,393.9600000000001,393.9600000000001,24.64606060606073,201
24.535757575757735,144.4606060606061,257.9070707070709,395.9200000000001,395.9200000000001,24.535757575757728,202
24.463434343434457,145.1757575757576,259.1838383838386,397.88000000000005,397.8800000000001,24.463434343434454,203
24.383030303030395,145.89090909090913,260.4606060606062,399.8400000000001,399.8400000000001,24.383030303030395,204
24.32727272727278,146.60606060606062,261.7373737373739,401.8000000000001,401.8000000000001,24.327272727272778,205
24.26909090909095,147.32121212121214,263.0141414141416,403.76000000000005,403.7600000000001,24.26909090909095,206
24.240000000000062,148.05818181818185,264.2909090909092,405.72000000000014,405.72000000000014,24.240000000000062,207
24.18424242424247,148.75151515151515,265.56767676767697,407.68000000000006,407.68000000000006,24.184242424242463,208
24.16000000000005,149.46666666666667,266.8444444444446,409.6400000000001,409.64000000000004,24.160000000000046,209
24.145454545454598,150.18181818181822,268.12121212121224,411.60000000000014,411.6000000000002,24.145454545454598,210
24.147474747474767,150.8969696969697,269.39797979797993,413.56000000000006,413.5600000000001,24.147474747474767,211
24.14545454545457,151.61212121212122,270.6747474747477,415.5200000000001,415.52000000000004,24.14545454545457,212
24.16363636363634,152.33090909090905,271.9515151515153,417.48000000000013,417.4800000000001,24.163636363636336,213
24.184242424242363,153.04242424242426,273.228282828283,419.44000000000017,419.4400000000001,24.184242424242363,214
24.220202020201956,153.75757575757575,274.5050505050507,421.40000000000015,421.4000000000002,24.220202020201953,215
24.29818181818177,154.4945454545455,275.7818181818184,423.3600000000001,423.3600000000001,24.29818181818177,216
24.348282828282773,155.1878787878788,277.058585858586,425.32000000000016,425.32000000000005,24.348282828282773,217
24.393535353535288,155.9030303030303,278.3353535353537,427.28000000000014,427.2800000000002,24.393535353535288,218
24.46787878787875,156.61818181818182,279.61212121212145,429.2400000000001,429.24000000000007,24.467878787878742,219
24.533333333333275,157.33333333333334,280.888888888889,431.20000000000016,431.2000000000001,24.533333333333275,220
24.643636363636265,158.04848484848486,282.1656565656567,433.1600000000002,433.1600000000002,24.643636363636265,221
24.736969696969595,158.76363636363638,283.4424242424244,435.1200000000001,435.1200000000001,24.736969696969595,222
24.85777777777764,159.4787878787879,284.7191919191921,437.08000000000015,437.08000000000015,24.857777777777642,223
24.959999999999823,160.1939393939394,285.9959595959598,439.04000000000013,439.0400000000002,24.959999999999823,224
24.99999999999986,160.9090909090909,287.2727272727275,441.0000000000001,441.00000000000006,24.999999999999865,225
25.14020202020188,161.6509090909091,288.5494949494951,442.96000000000015,442.9600000000001,25.140202020201883,226
25.218989898989726,162.33939393939391,289.8262626262628,444.92000000000013,444.9200000000002,25.218989898989726,227
25.277575757575594,163.05454545454543,291.1030303030305,446.8800000000001,446.8800000000001,25.27757575757559,228
25.34868686868675,163.76969696969695,292.3797979797982,448.84000000000015,448.84000000000015,25.348686868686755,229
25.39393939393927,164.4848484848485,293.6565656565658,450.8000000000002,450.8000000000001,25.393939393939267,230
25.43999999999982,165.2,294.9333333333335,452.76000000000016,452.7600000000003,25.43999999999982,231
25.469090909090706,165.9151515151515,296.2101010101012,454.72000000000014,454.72000000000014,25.469090909090706,232
25.49575757575744,166.63232323232327,297.4868686868689,456.6800000000002,456.6800000000001,25.49575757575744,233
25.527272727272607,167.34545454545454,298.7636363636366,458.6400000000002,458.64000000000016,25.527272727272603,234
25.505050505050377,168.06060606060606,300.04040404040427,460.60000000000014,460.60000000000014,25.505050505050384,235
25.525656565656526,168.78303030303027,301.31717171717185,462.5600000000002,462.5600000000002,25.52565656565653,236
25.541818181818105,169.4909090909091,302.59393939393965,464.5200000000002,464.52000000000027,25.54181818181811,237
25.518383838383745,170.2060606060606,303.8707070707072,466.48000000000013,466.4800000000001,25.51838383838374,238
25.495757575757484,170.92121212121214,305.1474747474749,468.44000000000017,468.44000000000017,25.495757575757487,239
25.466666666666615,171.63636363636363,306.4242424242426,470.40000000000015,470.40000000000026,25.46666666666661,240
25.420202020201938,172.35151515151514,307.7010101010103,472.3600000000001,472.3600000000002,25.420202020201938,241
25.38666666666656,173.06666666666666,308.977777777778,474.32000000000016,474.3200000000001,25.386666666666564,242
25.32727272727264,173.78181818181815,310.2545454545457,476.28000000000014,476.28000000000026,25.32727272727264,243
25.26868686868681,174.49696969696967,311.53131313131337,478.2400000000001,478.24000000000007,25.268686868686814,244
25.20202020202022,175.2121212121212,312.80808080808106,480.20000000000016,480.2000000000001,25.202020202020215,245
25.12727272727274,175.92727272727274,314.0848484848487,482.1600000000002,482.16000000000014,25.127272727272743,246
25.04848484848485,176.64242424242423,315.3616161616163,484.12000000000023,484.1200000000002,25.048484848484847,247
24.97373737373748,177.36969696969697,316.638383838384,486.08000000000015,486.08000000000027,24.97373737373748,248
24.878787878788007,178.07272727272726,317.9151515151517,488.0400000000002,488.04000000000013,24.878787878788007,249
24.747474747474886,178.78787878787878,319.1919191919194,490.0000000000002,490.00000000000017,24.747474747474882,250
24.672323232323365,179.5030303030303,320.4686868686871,491.96000000000015,491.96000000000015,24.67232323232336,251
24.589090909090988,180.2181818181818,321.7454545454547,493.9200000000002,493.92000000000013,24.589090909090984,252
24.528888888888975,180.93333333333334,323.0222222222224,495.8800000000002,495.8800000000001,24.528888888888975,253
24.45575757575761,181.64848484848483,324.2989898989901,497.8400000000002,497.84000000000015,24.455757575757616,254
24.412121212121217,182.36363636363637,325.57575757575773,499.80000000000024,499.80000000000024,24.412121212121217,255
24.38060606060606,183.07878787878786,326.8525252525254,501.7600000000002,501.76000000000005,24.38060606060606,256
24.331717171717155,183.79393939393938,328.1292929292931,503.7200000000002,503.72000000000014,24.331717171717152,257
24.31272727272732,184.51636363636365,329.4060606060608,505.6800000000003,505.6800000000002,24.31272727272732,258
24.302626262626323,185.2242424242424,330.6828282828285,507.6400000000002,507.6400000000004,24.302626262626315,259
24.24242424242434,185.93939393939388,331.9595959595962,509.60000000000014,509.6000000000002,24.24242424242434,260
24.272727272727433,186.66909090909093,333.2363636363639,511.5600000000002,511.5600000000002,24.27272727272743,261
24.3062626262628,187.36969696969695,334.51313131313157,513.5200000000002,513.5200000000003,24.306262626262804,262
24.305454545454744,188.08484848484846,335.7898989898992,515.4800000000002,515.4800000000001,24.30545454545474,263
24.320000000000146,188.79999999999995,337.06666666666683,517.4400000000002,517.44,24.320000000000142,264
24.357575757575884,189.5151515151515,338.3434343434345,519.4000000000002,519.4000000000003,24.35757575757588,265
24.387878787878897,190.230303030303,339.6202020202022,521.3600000000002,521.3600000000001,24.387878787878897,266
24.443636363636408,190.94545454545454,340.8969696969699,523.3200000000002,523.3200000000002,24.443636363636408,267
24.50343434343433,191.66060606060603,342.1737373737376,525.2800000000002,525.2800000000003,24.50343434343433,268
24.543030303030303,192.37575757575758,343.4505050505053,527.2400000000002,527.2400000000001,24.5430303030303,269
24.61818181818176,193.09090909090907,344.727272727273,529.2000000000003,529.2,24.61818181818176,270
24.6937373737373,193.80606060606058,346.0040404040406,531.1600000000003,531.1600000000003,24.693737373737296,271
24.77090909090903,194.52202020202014,347.28080808080836,533.1200000000001,533.1200000000001,24.770909090909026,272
24.883636363636302,195.23636363636362,348.55757575757593,535.0800000000003,535.0800000000002,24.8836363636363,273
24.96727272727267,195.95151515151514,349.8343434343436,537.0400000000002,537.0400000000003,24.967272727272675,274
24.99999999999995,196.66666666666669,351.1111111111113,539.0000000000002,539.0000000000002,24.99999999999995,275
25.069090909090896,197.41090909090906,352.387878787879,540.9600000000003,540.96,25.0690909090909,276
25.170101010100975,198.09696969696967,353.66464646464664,542.9200000000002,542.9200000000003,25.17010101010097,277
25.213737373737292,198.81212121212118,354.9414141414144,544.8800000000002,544.8800000000002,25.213737373737295,278
25.258181818181725,199.53090909090906,356.218181818182,546.8400000000001,546.8400000000001,25.258181818181725,279
25.317171717171615,200.2424242424242,357.49494949494965,548.8000000000002,548.8000000000003,25.31717171717161,280
25.34060606060598,200.95757575757574,358.77171717171734,550.7600000000002,550.7600000000001,25.340606060605985,281
25.36727272727268,201.67272727272723,360.04848484848503,552.7200000000003,552.7200000000001,25.367272727272677,282
25.401212121211994,202.38787878787872,361.3252525252527,554.6800000000002,554.6800000000003,25.401212121211998,283
25.410101010100846,203.10303030303027,362.6020202020204,556.6400000000002,556.6400000000003,25.410101010100842,284
25.41818181818164,203.81818181818178,363.8787878787881,558.6000000000003,558.6000000000001,25.418181818181644,285
25.422222222222093,204.5333333333333,365.1555555555558,560.5600000000002,560.5600000000003,25.422222222222093,286
25.40525252525244,205.2484848484848,366.43232323232337,562.5200000000002,562.5200000000001,25.405252525252443,287
25.396363636363525,205.9636363636363,367.7090909090911,564.4800000000002,564.48,25.396363636363528,288
25.395151515151372,206.67878787878783,368.98585858585875,566.4400000000003,566.4400000000003,25.395151515151372,289
25.353535353535175,207.39393939393935,370.26262626262644,568.4000000000003,568.4000000000001,25.353535353535168,290
25.250909090908955,208.10909090909087,371.53939393939413,570.3600000000002,570.3600000000001,25.25090909090895,291
25.27515151515152,208.84686868686867,372.8161616161618,572.3200000000002,572.3200000000003,25.275151515151524,292
25.254949494949482,209.5393939393939,374.0929292929295,574.2800000000002,574.2800000000002,25.254949494949486,293
25.192727272727282,210.2545454545454,375.3696969696972,576.2400000000002,576.2400000000002,25.19272727272728,294
25.12121212121212,210.9696969696969,376.6464646464649,578.2000000000003,578.2000000000002,25.121212121212125,295
25.070707070707098,211.68484848484843,377.9232323232325,580.1600000000003,580.1600000000002,25.070707070707098,296
25.000000000000004,212.39999999999995,379.20000000000016,582.1200000000001,582.1200000000001,25.000000000000004,297
24.909090909090907,213.11515151515147,380.47676767676785,584.0800000000002,584.0800000000003,24.9090909090909,298
24.838383838383912,213.83030303030296,381.7535353535356,586.0400000000002,586.0400000000002,24.838383838383912,299
24.72727272727287,214.54545454545448,383.03030303030323,588.0000000000002,588.0000000000002,24.727272727272872,300
